[lx-gpu-lock] ACQUIRED pid=1183051 reason=diff
[lx-control-rms] fuse hit (rms_norm+mul) ne0=2048 ne1=2
[lx-control-softplus-mul] fuse hit (xs2 per-head) hd=128 nh=48 T=2
[lx-control-dense-dual] fuse hit (shared gate+up+swiglu)
[lx-control-topk-moe] laguna bias fuse HIT (mul_mat+hybrid mode=8)
[lx-control-topk-moe] fused sigmoid+add n_experts=256 n_rows=2
[lx-control-topk-moe] true top-k+gather+sum+norm n_experts=256 k=8 n_rows=2
[lx-control-topk-moe] hybrid mode=8 topk full-norm (skip clamp+div+scale kernel) k=8 n_rows=2
[lx-debug-moe-down-diff] n_tokens=2 k=8 embd=2048  max_diff=0.000000 @ tok=0 row=0  (integ=0.00000 ref=0.00000)  mean|integ|=0.0004 mean|ref|=0.0004
[lx-control-moe-down] fuse hit (integrated weighted-mmvq) embd=2048 k=8 tokens=2
[lx-control-add] fuse hit (add+add residual) nelt=4096 ne0=2048 ne1=2
[lx-debug-moe-down-diff] n_tokens=2 k=8 embd=2048  max_diff=0.000000 @ tok=0 row=0  (integ=0.00000 ref=0.00000)  mean|integ|=0.0006 mean|ref|=0.0006
[lx-debug-moe-down-diff] n_tokens=2 k=8 embd=2048  max_diff=0.000000 @ tok=0 row=0  (integ=0.00000 ref=0.00000)  mean|integ|=0.0004 mean|ref|=0.0004
[lx-debug-moe-down-diff] n_tokens=2 k=8 embd=2048  max_diff=0.000000 @ tok=0 row=0  (integ=0.00000 ref=0.00000)  mean|integ|=0.0005 mean|ref|=0.0005
[lx-debug-moe-down-diff] n_tokens=2 k=8 embd=2048  max_diff=0.000000 @ tok=0 row=0  (integ=0.00000 ref=0.00000)  mean|integ|=0.0003 mean|ref|=0.0003
[lx-debug-moe-down-diff] n_tokens=2 k=8 embd=2048  max_diff=0.000000 @ tok=0 row=0  (integ=0.00000 ref=0.00000)  mean|integ|=0.0008 mean|ref|=0.0008
[lx-debug-moe-down-diff] n_tokens=2 k=8 embd=2048  max_diff=0.000000 @ tok=0 row=0  (integ=0.00000 ref=0.00000)  mean|integ|=0.0005 mean|ref|=0.0005
[lx-debug-moe-down-diff] n_tokens=2 k=8 embd=2048  max_diff=0.000000 @ tok=0 row=0  (integ=0.00000 ref=0.00000)  mean|integ|=0.0009 mean|ref|=0.0009
[lx-debug-moe-down-diff] n_tokens=2 k=8 embd=2048  max_diff=0.000000 @ tok=0 row=0  (integ=0.00000 ref=0.00000)  mean|integ|=0.0007 mean|ref|=0.0007
[lx-debug-moe-down-diff] n_tokens=2 k=8 embd=2048  max_diff=0.000000 @ tok=0 row=0  (integ=0.00000 ref=0.00000)  mean|integ|=0.0007 mean|ref|=0.0007
[lx-debug-moe-down-diff] n_tokens=2 k=8 embd=2048  max_diff=0.000000 @ tok=0 row=0  (integ=0.00000 ref=0.00000)  mean|integ|=0.0153 mean|ref|=0.0153
[lx-debug-moe-down-diff] n_tokens=2 k=8 embd=2048  max_diff=0.000000 @ tok=0 row=0  (integ=0.00000 ref=0.00000)  mean|integ|=0.0385 mean|ref|=0.0385
[lx-debug-moe-down-diff] n_tokens=2 k=8 embd=2048  max_diff=0.000000 @ tok=0 row=0  (integ=0.00000 ref=0.00000)  mean|integ|=0.0040 mean|ref|=0.0040
[lx-debug-moe-down-diff] n_tokens=2 k=8 embd=2048  max_diff=0.000000 @ tok=0 row=0  (integ=0.00000 ref=0.00000)  mean|integ|=0.0160 mean|ref|=0.0160
[lx-debug-moe-down-diff] n_tokens=2 k=8 embd=2048  max_diff=0.000000 @ tok=0 row=0  (integ=0.00000 ref=0.00000)  mean|integ|=0.3997 mean|ref|=0.3997
[lx-debug-moe-down-diff] n_tokens=2 k=8 embd=2048  max_diff=0.000000 @ tok=0 row=0  (integ=0.00000 ref=0.00000)  mean|integ|=0.3591 mean|ref|=0.3591
[lx-debug-moe-down-diff] n_tokens=2 k=8 embd=2048  max_diff=0.000000 @ tok=0 row=0  (integ=0.00000 ref=0.00000)  mean|integ|=0.4833 mean|ref|=0.4833
[lx-debug-moe-down-diff] n_tokens=2 k=8 embd=2048  max_diff=0.000000 @ tok=0 row=0  (integ=0.00000 ref=0.00000)  mean|integ|=0.2476 mean|ref|=0.2476
[lx-debug-moe-down-diff] n_tokens=2 k=8 embd=2048  max_diff=0.000000 @ tok=0 row=0  (integ=0.00000 ref=0.00000)  mean|integ|=0.3896 mean|ref|=0.3896
[lx-debug-moe-down-diff] n_tokens=2 k=8 embd=2048  max_diff=0.000000 @ tok=0 row=0  (integ=0.00000 ref=0.00000)  mean|integ|=0.3677 mean|ref|=0.3677
[lx-debug-moe-down-diff] n_tokens=2 k=8 embd=2048  max_diff=0.000000 @ tok=0 row=0  (integ=0.00000 ref=0.00000)  mean|integ|=0.0520 mean|ref|=0.0520
[lx-debug-moe-down-diff] n_tokens=2 k=8 embd=2048  max_diff=0.000000 @ tok=0 row=0  (integ=0.00000 ref=0.00000)  mean|integ|=0.4576 mean|ref|=0.4576
[lx-debug-moe-down-diff] n_tokens=2 k=8 embd=2048  max_diff=0.000000 @ tok=0 row=0  (integ=0.00000 ref=0.00000)  mean|integ|=0.1159 mean|ref|=0.1159
[lx-debug-moe-down-diff] n_tokens=2 k=8 embd=2048  max_diff=0.000000 @ tok=0 row=0  (integ=0.00000 ref=0.00000)  mean|integ|=0.4367 mean|ref|=0.4367
[lx-debug-moe-down-diff] n_tokens=2 k=8 embd=2048  max_diff=0.000000 @ tok=0 row=0  (integ=0.00000 ref=0.00000)  mean|integ|=0.0086 mean|ref|=0.0086
[lx-debug-moe-down-diff] n_tokens=2 k=8 embd=2048  max_diff=0.000000 @ tok=0 row=0  (integ=0.00000 ref=0.00000)  mean|integ|=2.2283 mean|ref|=2.2283
[lx-debug-moe-down-diff] n_tokens=2 k=8 embd=2048  max_diff=0.000000 @ tok=0 row=0  (integ=0.00000 ref=0.00000)  mean|integ|=0.0726 mean|ref|=0.0726
[lx-debug-moe-down-diff] n_tokens=2 k=8 embd=2048  max_diff=0.000000 @ tok=0 row=0  (integ=0.00000 ref=0.00000)  mean|integ|=2.7907 mean|ref|=2.7907
[lx-debug-moe-down-diff] n_tokens=2 k=8 embd=2048  max_diff=0.000000 @ tok=0 row=0  (integ=0.00000 ref=0.00000)  mean|integ|=0.0180 mean|ref|=0.0180
[lx-debug-moe-down-diff] n_tokens=2 k=8 embd=2048  max_diff=0.000000 @ tok=0 row=0  (integ=0.00000 ref=0.00000)  mean|integ|=6.3034 mean|ref|=6.3034
[lx-debug-moe-down-diff] n_tokens=2 k=8 embd=2048  max_diff=0.000000 @ tok=0 row=0  (integ=0.00000 ref=0.00000)  mean|integ|=0.2462 mean|ref|=0.2462
[lx-debug-moe-down-diff] n_tokens=2 k=8 embd=2048  max_diff=0.000000 @ tok=0 row=0  (integ=0.00000 ref=0.00000)  mean|integ|=0.0195 mean|ref|=0.0195
[lx-debug-moe-down-diff] n_tokens=2 k=8 embd=2048  max_diff=0.000000 @ tok=0 row=0  (integ=0.00000 ref=0.00000)  mean|integ|=0.0151 mean|ref|=0.0151
[lx-debug-moe-down-diff] n_tokens=2 k=8 embd=2048  max_diff=0.000000 @ tok=0 row=0  (integ=0.00000 ref=0.00000)  mean|integ|=0.1104 mean|ref|=0.1104
[lx-debug-moe-down-diff] n_tokens=2 k=8 embd=2048  max_diff=0.000000 @ tok=0 row=0  (integ=0.00000 ref=0.00000)  mean|integ|=0.0181 mean|ref|=0.0181
[lx-debug-moe-down-diff] n_tokens=2 k=8 embd=2048  max_diff=0.000000 @ tok=0 row=0  (integ=0.00000 ref=0.00000)  mean|integ|=2.2965 mean|ref|=2.2965
[lx-debug-moe-down-diff] n_tokens=2 k=8 embd=2048  max_diff=0.000000 @ tok=0 row=0  (integ=0.00000 ref=0.00000)  mean|integ|=0.0301 mean|ref|=0.0301
[lx-debug-moe-down-diff] n_tokens=2 k=8 embd=2048  max_diff=0.000000 @ tok=0 row=0  (integ=0.00000 ref=0.00000)  mean|integ|=4.7253 mean|ref|=4.7253
[lx-control-topk-moe] fused gemv+sigmoid+add n_experts=256 ncols=2048 n_rows=1
[lx-control-moe-dual] n_experts=8 nrows=512 ncols=2048 (first entry)
[lx-control-moe-dual] fuse hit (gate+up+swiglu)
[lx-control-moe-down] skip: buffer overlap with dst
[lx-control-mm-add] fuse hit (mul_mat+add+add) ne0=2048 ne1=1 wtype=q6_K alias_res=1 mm='ffn_shexp-39' add='ffn_out-39' add2='l_out-39'
[lx-debug-moe-down-diff] n_tokens=2 k=8 embd=2048  max_diff=0.000000 @ tok=0 row=0  (integ=0.00000 ref=0.00000)  mean|integ|=0.0240 mean|ref|=0.0240
[lx-debug-moe-down-diff] n_tokens=2 k=8 embd=2048  max_diff=0.000000 @ tok=0 row=0  (integ=0.00000 ref=0.00000)  mean|integ|=0.0312 mean|ref|=0.0312
[lx-debug-moe-down-diff] n_tokens=2 k=8 embd=2048  max_diff=0.000000 @ tok=0 row=0  (integ=0.00000 ref=0.00000)  mean|integ|=0.0241 mean|ref|=0.0241
[lx-debug-moe-down-diff] n_tokens=2 k=8 embd=2048  max_diff=0.000000 @ tok=0 row=0  (integ=0.00000 ref=0.00000)  mean|integ|=0.0365 mean|ref|=0.0365
[lx-debug-moe-down-diff] n_tokens=2 k=8 embd=2048  max_diff=0.000000 @ tok=0 row=0  (integ=0.00000 ref=0.00000)  mean|integ|=0.0153 mean|ref|=0.0153
[lx-debug-moe-down-diff] n_tokens=2 k=8 embd=2048  max_diff=0.000000 @ tok=0 row=0  (integ=0.00000 ref=0.00000)  mean|integ|=0.0194 mean|ref|=0.0194
[lx-debug-moe-down-diff] n_tokens=2 k=8 embd=2048  max_diff=0.000000 @ tok=0 row=0  (integ=0.00000 ref=0.00000)  mean|integ|=0.0142 mean|ref|=0.0142
[lx-debug-moe-down-diff] n_tokens=2 k=8 embd=2048  max_diff=0.000000 @ tok=0 row=0  (integ=0.00000 ref=0.00000)  mean|integ|=0.0156 mean|ref|=0.0156
[lx-debug-moe-down-diff] n_tokens=2 k=8 embd=2048  max_diff=0.000000 @ tok=0 row=0  (integ=0.00000 ref=0.00000)  mean|integ|=0.0134 mean|ref|=0.0134
[lx-debug-moe-down-diff] n_tokens=2 k=8 embd=2048  max_diff=0.000000 @ tok=0 row=0  (integ=0.00000 ref=0.00000)  mean|integ|=0.0146 mean|ref|=0.0146
[lx-debug-moe-down-diff] n_tokens=2 k=8 embd=2048  max_diff=0.000000 @ tok=0 row=0  (integ=0.00000 ref=0.00000)  mean|integ|=0.0143 mean|ref|=0.0143
[lx-debug-moe-down-diff] n_tokens=2 k=8 embd=2048  max_diff=0.000000 @ tok=0 row=0  (integ=0.00000 ref=0.00000)  mean|integ|=0.0194 mean|ref|=0.0194
[lx-debug-moe-down-diff] n_tokens=2 k=8 embd=2048  max_diff=0.000000 @ tok=0 row=0  (integ=0.00000 ref=0.00000)  mean|integ|=0.0211 mean|ref|=0.0211
[lx-debug-moe-down-diff] n_tokens=2 k=8 embd=2048  max_diff=0.000000 @ tok=0 row=0  (integ=0.00000 ref=0.00000)  mean|integ|=0.0235 mean|ref|=0.0235
[lx-debug-moe-down-diff] n_tokens=2 k=8 embd=2048  max_diff=0.000000 @ tok=0 row=0  (integ=0.00000 ref=0.00000)  mean|integ|=0.0192 mean|ref|=0.0192
[lx-debug-moe-down-diff] n_tokens=2 k=8 embd=2048  max_diff=0.000000 @ tok=0 row=0  (integ=0.00000 ref=0.00000)  mean|integ|=0.0226 mean|ref|=0.0226
[lx-debug-moe-down-diff] n_tokens=2 k=8 embd=2048  max_diff=0.000000 @ tok=0 row=0  (integ=0.00000 ref=0.00000)  mean|integ|=0.0258 mean|ref|=0.0258
[lx-debug-moe-down-diff] n_tokens=2 k=8 embd=2048  max_diff=0.000000 @ tok=0 row=0  (integ=0.00000 ref=0.00000)  mean|integ|=0.0204 mean|ref|=0.0204
[lx-debug-moe-down-diff] n_tokens=2 k=8 embd=2048  max_diff=0.000000 @ tok=0 row=0  (integ=0.00000 ref=0.00000)  mean|integ|=0.0181 mean|ref|=0.0181
[lx-debug-moe-down-diff] n_tokens=2 k=8 embd=2048  max_diff=0.000000 @ tok=0 row=0  (integ=0.00000 ref=0.00000)  mean|integ|=0.0217 mean|ref|=0.0217
[lx-debug-moe-down-diff] n_tokens=2 k=8 embd=2048  max_diff=0.000000 @ tok=0 row=0  (integ=0.00000 ref=0.00000)  mean|integ|=0.0344 mean|ref|=0.0344
[lx-debug-moe-down-diff] n_tokens=2 k=8 embd=2048  max_diff=0.000000 @ tok=0 row=0  (integ=0.00000 ref=0.00000)  mean|integ|=0.0341 mean|ref|=0.0341
[lx-debug-moe-down-diff] n_tokens=2 k=8 embd=2048  max_diff=0.000000 @ tok=0 row=0  (integ=0.00000 ref=0.00000)  mean|integ|=0.0256 mean|ref|=0.0256
[lx-debug-moe-down-diff] n_tokens=2 k=8 embd=2048  max_diff=0.000000 @ tok=0 row=0  (integ=0.00000 ref=0.00000)  mean|integ|=0.0320 mean|ref|=0.0320
[lx-debug-moe-down-diff] n_tokens=2 k=8 embd=2048  max_diff=0.000000 @ tok=0 row=0  (integ=0.00000 ref=0.00000)  mean|integ|=0.0308 mean|ref|=0.0308
[lx-debug-moe-down-diff] n_tokens=2 k=8 embd=2048  max_diff=0.000000 @ tok=0 row=0  (integ=0.00000 ref=0.00000)  mean|integ|=0.0524 mean|ref|=0.0524
[lx-debug-moe-down-diff] n_tokens=2 k=8 embd=2048  max_diff=0.000000 @ tok=0 row=0  (integ=0.00000 ref=0.00000)  mean|integ|=0.0350 mean|ref|=0.0350
[lx-debug-moe-down-diff] n_tokens=2 k=8 embd=2048  max_diff=0.000000 @ tok=0 row=0  (integ=0.00000 ref=0.00000)  mean|integ|=0.0409 mean|ref|=0.0409
[lx-debug-moe-down-diff] n_tokens=2 k=8 embd=2048  max_diff=0.000000 @ tok=0 row=0  (integ=0.00000 ref=0.00000)  mean|integ|=0.0437 mean|ref|=0.0437
[lx-debug-moe-down-diff] n_tokens=2 k=8 embd=2048  max_diff=0.000000 @ tok=0 row=0  (integ=0.00000 ref=0.00000)  mean|integ|=0.0571 mean|ref|=0.0571
[lx-debug-moe-down-diff] n_tokens=2 k=8 embd=2048  max_diff=0.000000 @ tok=0 row=0  (integ=0.00000 ref=0.00000)  mean|integ|=0.0439 mean|ref|=0.0439
[lx-debug-moe-down-diff] n_tokens=2 k=8 embd=2048  max_diff=0.000000 @ tok=0 row=0  (integ=0.00000 ref=0.00000)  mean|integ|=0.0767 mean|ref|=0.0767
[lx-debug-moe-down-diff] n_tokens=2 k=8 embd=2048  max_diff=0.000000 @ tok=0 row=0  (integ=0.00000 ref=0.00000)  mean|integ|=0.0624 mean|ref|=0.0624
[lx-debug-moe-down-diff] n_tokens=2 k=8 embd=2048  max_diff=0.000000 @ tok=0 row=0  (integ=0.00000 ref=0.00000)  mean|integ|=0.0745 mean|ref|=0.0745
[lx-debug-moe-down-diff] n_tokens=2 k=8 embd=2048  max_diff=0.000000 @ tok=0 row=0  (integ=0.00000 ref=0.00000)  mean|integ|=0.0802 mean|ref|=0.0802
[lx-debug-moe-down-diff] n_tokens=2 k=8 embd=2048  max_diff=0.000000 @ tok=0 row=0  (integ=0.00000 ref=0.00000)  mean|integ|=0.1318 mean|ref|=0.1318
[lx-debug-moe-down-diff] n_tokens=2 k=8 embd=2048  max_diff=0.000000 @ tok=0 row=0  (integ=0.00000 ref=0.00000)  mean|integ|=0.1189 mean|ref|=0.1189
[lx-debug-moe-down-diff] n_tokens=2 k=8 embd=2048  max_diff=0.000000 @ tok=0 row=0  (integ=0.00000 ref=0.00000)  mean|integ|=0.1330 mean|ref|=0.1330
[lx-debug-moe-down-diff] n_tokens=8 k=8 embd=2048  max_diff=0.000000 @ tok=0 row=0  (integ=0.00000 ref=0.00000)  mean|integ|=0.0195 mean|ref|=0.0195
[lx-debug-moe-down-diff] n_tokens=8 k=8 embd=2048  max_diff=0.000000 @ tok=0 row=0  (integ=0.00000 ref=0.00000)  mean|integ|=0.0188 mean|ref|=0.0188
[lx-debug-moe-down-diff] n_tokens=8 k=8 embd=2048  max_diff=0.000000 @ tok=0 row=0  (integ=0.00000 ref=0.00000)  mean|integ|=0.0218 mean|ref|=0.0218
[lx-debug-moe-down-diff] n_tokens=8 k=8 embd=2048  max_diff=0.000000 @ tok=0 row=0  (integ=0.00000 ref=0.00000)  mean|integ|=0.0111 mean|ref|=0.0111
[lx-debug-moe-down-diff] n_tokens=8 k=8 embd=2048  max_diff=0.000000 @ tok=0 row=0  (integ=0.00000 ref=0.00000)  mean|integ|=0.0089 mean|ref|=0.0089
[lx-debug-moe-down-diff] n_tokens=8 k=8 embd=2048  max_diff=0.000000 @ tok=0 row=0  (integ=0.00000 ref=0.00000)  mean|integ|=0.0139 mean|ref|=0.0139
[lx-debug-moe-down-diff] n_tokens=8 k=8 embd=2048  max_diff=0.000000 @ tok=0 row=0  (integ=0.00000 ref=0.00000)  mean|integ|=0.0341 mean|ref|=0.0341
[lx-debug-moe-down-diff] n_tokens=8 k=8 embd=2048  max_diff=0.000000 @ tok=0 row=0  (integ=0.00000 ref=0.00000)  mean|integ|=0.0141 mean|ref|=0.0141
[lx-debug-moe-down-diff] n_tokens=8 k=8 embd=2048  max_diff=0.000000 @ tok=0 row=0  (integ=0.00000 ref=0.00000)  mean|integ|=0.0187 mean|ref|=0.0187
[lx-debug-moe-down-diff] n_tokens=8 k=8 embd=2048  max_diff=0.000000 @ tok=0 row=0  (integ=0.00000 ref=0.00000)  mean|integ|=0.0537 mean|ref|=0.0537
[lx-debug-moe-down-diff] n_tokens=8 k=8 embd=2048  max_diff=0.000000 @ tok=0 row=0  (integ=0.00000 ref=0.00000)  mean|integ|=0.1537 mean|ref|=0.1537
[lx-debug-moe-down-diff] n_tokens=8 k=8 embd=2048  max_diff=0.000000 @ tok=0 row=0  (integ=0.00000 ref=0.00000)  mean|integ|=0.0376 mean|ref|=0.0376
[lx-debug-moe-down-diff] n_tokens=8 k=8 embd=2048  max_diff=0.000000 @ tok=0 row=0  (integ=0.00000 ref=0.00000)  mean|integ|=0.0316 mean|ref|=0.0316
[lx-debug-moe-down-diff] n_tokens=8 k=8 embd=2048  max_diff=0.000000 @ tok=0 row=0  (integ=0.00000 ref=0.00000)  mean|integ|=0.0283 mean|ref|=0.0283
[lx-debug-moe-down-diff] n_tokens=8 k=8 embd=2048  max_diff=0.000000 @ tok=0 row=0  (integ=0.00000 ref=0.00000)  mean|integ|=0.1052 mean|ref|=0.1052
[lx-debug-moe-down-diff] n_tokens=8 k=8 embd=2048  max_diff=0.000000 @ tok=0 row=0  (integ=0.00000 ref=0.00000)  mean|integ|=0.1830 mean|ref|=0.1830
[lx-debug-moe-down-diff] n_tokens=8 k=8 embd=2048  max_diff=0.000000 @ tok=0 row=0  (integ=0.00000 ref=0.00000)  mean|integ|=0.1510 mean|ref|=0.1510
[lx-debug-moe-down-diff] n_tokens=8 k=8 embd=2048  max_diff=0.000000 @ tok=0 row=0  (integ=0.00000 ref=0.00000)  mean|integ|=0.0997 mean|ref|=0.0997
[lx-debug-moe-down-diff] n_tokens=8 k=8 embd=2048  max_diff=0.000000 @ tok=0 row=0  (integ=0.00000 ref=0.00000)  mean|integ|=0.1061 mean|ref|=0.1061
[lx-debug-moe-down-diff] n_tokens=8 k=8 embd=2048  max_diff=0.000000 @ tok=0 row=0  (integ=0.00000 ref=0.00000)  mean|integ|=0.1803 mean|ref|=0.1803
[lx-debug-moe-down-diff] n_tokens=8 k=8 embd=2048  max_diff=0.000000 @ tok=0 row=0  (integ=0.00000 ref=0.00000)  mean|integ|=0.0494 mean|ref|=0.0494
[lx-debug-moe-down-diff] n_tokens=8 k=8 embd=2048  max_diff=0.000000 @ tok=0 row=0  (integ=0.00000 ref=0.00000)  mean|integ|=0.1436 mean|ref|=0.1436
[lx-debug-moe-down-diff] n_tokens=8 k=8 embd=2048  max_diff=0.000000 @ tok=0 row=0  (integ=0.00000 ref=0.00000)  mean|integ|=0.0845 mean|ref|=0.0845
[lx-debug-moe-down-diff] n_tokens=8 k=8 embd=2048  max_diff=0.000000 @ tok=0 row=0  (integ=0.00000 ref=0.00000)  mean|integ|=0.1846 mean|ref|=0.1846
[lx-debug-moe-down-diff] n_tokens=8 k=8 embd=2048  max_diff=0.000000 @ tok=0 row=0  (integ=0.00000 ref=0.00000)  mean|integ|=0.1433 mean|ref|=0.1433
[lx-debug-moe-down-diff] n_tokens=8 k=8 embd=2048  max_diff=0.000000 @ tok=0 row=0  (integ=0.00000 ref=0.00000)  mean|integ|=0.3762 mean|ref|=0.3762
[lx-debug-moe-down-diff] n_tokens=8 k=8 embd=2048  max_diff=0.000000 @ tok=0 row=0  (integ=0.00000 ref=0.00000)  mean|integ|=0.1329 mean|ref|=0.1329
[lx-debug-moe-down-diff] n_tokens=8 k=8 embd=2048  max_diff=0.000000 @ tok=0 row=0  (integ=0.00000 ref=0.00000)  mean|integ|=0.6726 mean|ref|=0.6726
[lx-debug-moe-down-diff] n_tokens=8 k=8 embd=2048  max_diff=0.000000 @ tok=0 row=0  (integ=0.00000 ref=0.00000)  mean|integ|=0.0698 mean|ref|=0.0698
[lx-debug-moe-down-diff] n_tokens=8 k=8 embd=2048  max_diff=0.000000 @ tok=0 row=0  (integ=0.00000 ref=0.00000)  mean|integ|=1.0527 mean|ref|=1.0527
[lx-debug-moe-down-diff] n_tokens=8 k=8 embd=2048  max_diff=0.000000 @ tok=0 row=0  (integ=0.00000 ref=0.00000)  mean|integ|=0.1582 mean|ref|=0.1582
[lx-debug-moe-down-diff] n_tokens=8 k=8 embd=2048  max_diff=0.000000 @ tok=0 row=0  (integ=0.00000 ref=0.00000)  mean|integ|=0.1501 mean|ref|=0.1501
[lx-debug-moe-down-diff] n_tokens=8 k=8 embd=2048  max_diff=0.000000 @ tok=0 row=0  (integ=0.00000 ref=0.00000)  mean|integ|=0.0966 mean|ref|=0.0966
[lx-debug-moe-down-diff] n_tokens=8 k=8 embd=2048  max_diff=0.000000 @ tok=0 row=0  (integ=0.00000 ref=0.00000)  mean|integ|=0.1859 mean|ref|=0.1859
[lx-debug-moe-down-diff] n_tokens=8 k=8 embd=2048  max_diff=0.000000 @ tok=0 row=0  (integ=0.00000 ref=0.00000)  mean|integ|=0.1325 mean|ref|=0.1325
[lx-debug-moe-down-diff] n_tokens=8 k=8 embd=2048  max_diff=0.000000 @ tok=0 row=0  (integ=0.00000 ref=0.00000)  mean|integ|=0.6886 mean|ref|=0.6886
[lx-debug-moe-down-diff] n_tokens=8 k=8 embd=2048  max_diff=0.000000 @ tok=0 row=0  (integ=0.00000 ref=0.00000)  mean|integ|=0.1866 mean|ref|=0.1866
[lx-debug-moe-down-diff] n_tokens=8 k=8 embd=2048  max_diff=0.000000 @ tok=0 row=0  (integ=0.00000 ref=0.00000)  mean|integ|=1.0877 mean|ref|=1.0877
[lx-debug-moe-down-diff] n_tokens=4 k=8 embd=2048  max_diff=0.000000 @ tok=0 row=0  (integ=0.00000 ref=0.00000)  mean|integ|=0.0150 mean|ref|=0.0150
[lx-debug-moe-down-diff] n_tokens=4 k=8 embd=2048  max_diff=0.000000 @ tok=0 row=0  (integ=0.00000 ref=0.00000)  mean|integ|=0.0161 mean|ref|=0.0161
[lx-debug-moe-down-diff] n_tokens=4 k=8 embd=2048  max_diff=0.000000 @ tok=0 row=0  (integ=0.00000 ref=0.00000)  mean|integ|=0.0272 mean|ref|=0.0272
[lx-debug-moe-down-diff] n_tokens=4 k=8 embd=2048  max_diff=0.000000 @ tok=0 row=0  (integ=0.00000 ref=0.00000)  mean|integ|=0.0268 mean|ref|=0.0268
[lx-debug-moe-down-diff] n_tokens=4 k=8 embd=2048  max_diff=0.000000 @ tok=0 row=0  (integ=0.00000 ref=0.00000)  mean|integ|=0.0216 mean|ref|=0.0216
[lx-debug-moe-down-diff] n_tokens=4 k=8 embd=2048  max_diff=0.000000 @ tok=0 row=0  (integ=0.00000 ref=0.00000)  mean|integ|=0.0202 mean|ref|=0.0202
[lx-debug-moe-down-diff] n_tokens=4 k=8 embd=2048  max_diff=0.000000 @ tok=0 row=0  (integ=0.00000 ref=0.00000)  mean|integ|=0.0227 mean|ref|=0.0227
[lx-debug-moe-down-diff] n_tokens=4 k=8 embd=2048  max_diff=0.000000 @ tok=0 row=0  (integ=0.00000 ref=0.00000)  mean|integ|=0.0243 mean|ref|=0.0243
[lx-debug-moe-down-diff] n_tokens=4 k=8 embd=2048  max_diff=0.000000 @ tok=0 row=0  (integ=0.00000 ref=0.00000)  mean|integ|=0.0308 mean|ref|=0.0308
[lx-debug-moe-down-diff] n_tokens=4 k=8 embd=2048  max_diff=0.000000 @ tok=0 row=0  (integ=0.00000 ref=0.00000)  mean|integ|=0.0329 mean|ref|=0.0329
[lx-debug-moe-down-diff] n_tokens=4 k=8 embd=2048  max_diff=0.000000 @ tok=0 row=0  (integ=0.00000 ref=0.00000)  mean|integ|=0.0280 mean|ref|=0.0280
[lx-debug-moe-down-diff] n_tokens=4 k=8 embd=2048  max_diff=0.000000 @ tok=0 row=0  (integ=0.00000 ref=0.00000)  mean|integ|=0.0453 mean|ref|=0.0453
[lx-debug-moe-down-diff] n_tokens=4 k=8 embd=2048  max_diff=0.000000 @ tok=0 row=0  (integ=0.00000 ref=0.00000)  mean|integ|=0.0305 mean|ref|=0.0305
[lx-debug-moe-down-diff] n_tokens=4 k=8 embd=2048  max_diff=0.000000 @ tok=0 row=0  (integ=0.00000 ref=0.00000)  mean|integ|=0.0418 mean|ref|=0.0418
[lx-debug-moe-down-diff] n_tokens=4 k=8 embd=2048  max_diff=0.000000 @ tok=0 row=0  (integ=0.00000 ref=0.00000)  mean|integ|=0.0486 mean|ref|=0.0486
[lx-debug-moe-down-diff] n_tokens=4 k=8 embd=2048  max_diff=0.000000 @ tok=0 row=0  (integ=0.00000 ref=0.00000)  mean|integ|=0.0410 mean|ref|=0.0410
[lx-debug-moe-down-diff] n_tokens=4 k=8 embd=2048  max_diff=0.000000 @ tok=0 row=0  (integ=0.00000 ref=0.00000)  mean|integ|=0.0440 mean|ref|=0.0440
[lx-debug-moe-down-diff] n_tokens=4 k=8 embd=2048  max_diff=0.000000 @ tok=0 row=0  (integ=0.00000 ref=0.00000)  mean|integ|=0.0483 mean|ref|=0.0483
[lx-debug-moe-down-diff] n_tokens=4 k=8 embd=2048  max_diff=0.000000 @ tok=0 row=0  (integ=0.00000 ref=0.00000)  mean|integ|=0.0483 mean|ref|=0.0483
[lx-debug-moe-down-diff] n_tokens=4 k=8 embd=2048  max_diff=0.000000 @ tok=0 row=0  (integ=0.00000 ref=0.00000)  mean|integ|=0.0500 mean|ref|=0.0500
[lx-debug-moe-down-diff] n_tokens=4 k=8 embd=2048  max_diff=0.000000 @ tok=0 row=0  (integ=0.00000 ref=0.00000)  mean|integ|=0.0522 mean|ref|=0.0522
[lx-debug-moe-down-diff] n_tokens=4 k=8 embd=2048  max_diff=0.000000 @ tok=0 row=0  (integ=0.00000 ref=0.00000)  mean|integ|=0.0609 mean|ref|=0.0609
[lx-debug-moe-down-diff] n_tokens=4 k=8 embd=2048  max_diff=0.000000 @ tok=0 row=0  (integ=0.00000 ref=0.00000)  mean|integ|=0.0721 mean|ref|=0.0721
[lx-debug-moe-down-diff] n_tokens=4 k=8 embd=2048  max_diff=0.000000 @ tok=0 row=0  (integ=0.00000 ref=0.00000)  mean|integ|=0.0843 mean|ref|=0.0843
[lx-debug-moe-down-diff] n_tokens=4 k=8 embd=2048  max_diff=0.000000 @ tok=0 row=0  (integ=0.00000 ref=0.00000)  mean|integ|=0.0840 mean|ref|=0.0840
[lx-debug-moe-down-diff] n_tokens=4 k=8 embd=2048  max_diff=0.000000 @ tok=0 row=0  (integ=0.00000 ref=0.00000)  mean|integ|=0.0881 mean|ref|=0.0881
[lx-debug-moe-down-diff] n_tokens=4 k=8 embd=2048  max_diff=0.000000 @ tok=0 row=0  (integ=0.00000 ref=0.00000)  mean|integ|=0.0840 mean|ref|=0.0840
[lx-debug-moe-down-diff] n_tokens=4 k=8 embd=2048  max_diff=0.000000 @ tok=0 row=0  (integ=0.00000 ref=0.00000)  mean|integ|=0.1033 mean|ref|=0.1033
[lx-debug-moe-down-diff] n_tokens=4 k=8 embd=2048  max_diff=0.000000 @ tok=0 row=0  (integ=0.00000 ref=0.00000)  mean|integ|=0.1350 mean|ref|=0.1350
[lx-debug-moe-down-diff] n_tokens=4 k=8 embd=2048  max_diff=0.000000 @ tok=0 row=0  (integ=0.00000 ref=0.00000)  mean|integ|=0.1144 mean|ref|=0.1144
[lx-debug-moe-down-diff] n_tokens=4 k=8 embd=2048  max_diff=0.000000 @ tok=0 row=0  (integ=0.00000 ref=0.00000)  mean|integ|=0.1189 mean|ref|=0.1189
[lx-debug-moe-down-diff] n_tokens=4 k=8 embd=2048  max_diff=0.000000 @ tok=0 row=0  (integ=0.00000 ref=0.00000)  mean|integ|=0.1320 mean|ref|=0.1320
[lx-debug-moe-down-diff] n_tokens=4 k=8 embd=2048  max_diff=0.000000 @ tok=0 row=0  (integ=0.00000 ref=0.00000)  mean|integ|=0.1413 mean|ref|=0.1413
[lx-debug-moe-down-diff] n_tokens=4 k=8 embd=2048  max_diff=0.000000 @ tok=0 row=0  (integ=0.00000 ref=0.00000)  mean|integ|=0.1447 mean|ref|=0.1447
[lx-debug-moe-down-diff] n_tokens=4 k=8 embd=2048  max_diff=0.000000 @ tok=0 row=0  (integ=0.00000 ref=0.00000)  mean|integ|=0.1898 mean|ref|=0.1898
[lx-debug-moe-down-diff] n_tokens=4 k=8 embd=2048  max_diff=0.000000 @ tok=0 row=0  (integ=0.00000 ref=0.00000)  mean|integ|=0.1353 mean|ref|=0.1353
[lx-debug-moe-down-diff] n_tokens=4 k=8 embd=2048  max_diff=0.000000 @ tok=0 row=0  (integ=0.00000 ref=0.00000)  mean|integ|=0.1442 mean|ref|=0.1442
[lx-debug-moe-down-diff] n_tokens=4 k=8 embd=2048  max_diff=0.000000 @ tok=0 row=0  (integ=0.00000 ref=0.00000)  mean|integ|=0.1879 mean|ref|=0.1879
[lx-control-mm-add] fuse hit (mul_mat+add) ne0=2048 ne1=1 wtype=q4_K alias_res=0 mm='attn_o_proj-0' add='ffn_inp-0' add2='-'
[lx-debug-moe-down-diff] n_tokens=1 k=8 embd=2048  max_diff=0.000000 @ tok=0 row=0  (integ=0.00000 ref=0.00000)  mean|integ|=0.0071 mean|ref|=0.0071
[lx-debug-moe-down-diff] n_tokens=1 k=8 embd=2048  max_diff=0.000000 @ tok=0 row=0  (integ=0.00000 ref=0.00000)  mean|integ|=0.0046 mean|ref|=0.0046
[lx-debug-moe-down-diff] n_tokens=1 k=8 embd=2048  max_diff=0.000000 @ tok=0 row=0  (integ=0.00000 ref=0.00000)  mean|integ|=0.0075 mean|ref|=0.0075
[lx-debug-moe-down-diff] n_tokens=1 k=8 embd=2048  max_diff=0.000000 @ tok=0 row=0  (integ=0.00000 ref=0.00000)  mean|integ|=0.0101 mean|ref|=0.0101
[lx-debug-moe-down-diff] n_tokens=1 k=8 embd=2048  max_diff=0.000000 @ tok=0 row=0  (integ=0.00000 ref=0.00000)  mean|integ|=0.0110 mean|ref|=0.0110
[lx-debug-moe-down-diff] n_tokens=1 k=8 embd=2048  max_diff=0.000000 @ tok=0 row=0  (integ=0.00000 ref=0.00000)  mean|integ|=0.0160 mean|ref|=0.0160
[lx-debug-moe-down-diff] n_tokens=1 k=8 embd=2048  max_diff=0.000000 @ tok=0 row=0  (integ=0.00000 ref=0.00000)  mean|integ|=0.0152 mean|ref|=0.0152
[lx-debug-moe-down-diff] n_tokens=1 k=8 embd=2048  max_diff=0.000000 @ tok=0 row=0  (integ=0.00000 ref=0.00000)  mean|integ|=0.0172 mean|ref|=0.0172
[lx-debug-moe-down-diff] n_tokens=1 k=8 embd=2048  max_diff=0.000000 @ tok=0 row=0  (integ=0.00000 ref=0.00000)  mean|integ|=0.0127 mean|ref|=0.0127
[lx-debug-moe-down-diff] n_tokens=1 k=8 embd=2048  max_diff=0.000000 @ tok=0 row=0  (integ=0.00000 ref=0.00000)  mean|integ|=0.0170 mean|ref|=0.0170
[lx-debug-moe-down-diff] n_tokens=1 k=8 embd=2048  max_diff=0.000000 @ tok=0 row=0  (integ=0.00000 ref=0.00000)  mean|integ|=0.0227 mean|ref|=0.0227
[lx-debug-moe-down-diff] n_tokens=1 k=8 embd=2048  max_diff=0.000000 @ tok=0 row=0  (integ=0.00000 ref=0.00000)  mean|integ|=0.0213 mean|ref|=0.0213
[lx-debug-moe-down-diff] n_tokens=1 k=8 embd=2048  max_diff=0.000000 @ tok=0 row=0  (integ=0.00000 ref=0.00000)  mean|integ|=0.0256 mean|ref|=0.0256
[lx-debug-moe-down-diff] n_tokens=1 k=8 embd=2048  max_diff=0.000000 @ tok=0 row=0  (integ=0.00000 ref=0.00000)  mean|integ|=0.0338 mean|ref|=0.0338
[lx-debug-moe-down-diff] n_tokens=1 k=8 embd=2048  max_diff=0.000000 @ tok=0 row=0  (integ=0.00000 ref=0.00000)  mean|integ|=0.0431 mean|ref|=0.0431
[lx-debug-moe-down-diff] n_tokens=1 k=8 embd=2048  max_diff=0.000000 @ tok=0 row=0  (integ=0.00000 ref=0.00000)  mean|integ|=0.0477 mean|ref|=0.0477
[lx-debug-moe-down-diff] n_tokens=1 k=8 embd=2048  max_diff=0.000000 @ tok=0 row=0  (integ=0.00000 ref=0.00000)  mean|integ|=0.0374 mean|ref|=0.0374
[lx-debug-moe-down-diff] n_tokens=1 k=8 embd=2048  max_diff=0.000000 @ tok=0 row=0  (integ=0.00000 ref=0.00000)  mean|integ|=0.0408 mean|ref|=0.0408
[lx-debug-moe-down-diff] n_tokens=1 k=8 embd=2048  max_diff=0.000000 @ tok=0 row=0  (integ=0.00000 ref=0.00000)  mean|integ|=0.0419 mean|ref|=0.0419
[lx-debug-moe-down-diff] n_tokens=1 k=8 embd=2048  max_diff=0.000000 @ tok=0 row=0  (integ=0.00000 ref=0.00000)  mean|integ|=0.0477 mean|ref|=0.0477
[lx-debug-moe-down-diff] n_tokens=1 k=8 embd=2048  max_diff=0.000000 @ tok=0 row=0  (integ=0.00000 ref=0.00000)  mean|integ|=0.0560 mean|ref|=0.0560
[lx-debug-moe-down-diff] n_tokens=1 k=8 embd=2048  max_diff=0.000000 @ tok=0 row=0  (integ=0.00000 ref=0.00000)  mean|integ|=0.0489 mean|ref|=0.0489
[lx-debug-moe-down-diff] n_tokens=1 k=8 embd=2048  max_diff=0.000000 @ tok=0 row=0  (integ=0.00000 ref=0.00000)  mean|integ|=0.0410 mean|ref|=0.0410
[lx-debug-moe-down-diff] n_tokens=1 k=8 embd=2048  max_diff=0.000000 @ tok=0 row=0  (integ=0.00000 ref=0.00000)  mean|integ|=0.0877 mean|ref|=0.0877
[lx-debug-moe-down-diff] n_tokens=1 k=8 embd=2048  max_diff=0.000000 @ tok=0 row=0  (integ=0.00000 ref=0.00000)  mean|integ|=0.1153 mean|ref|=0.1153
[lx-debug-moe-down-diff] n_tokens=1 k=8 embd=2048  max_diff=0.000000 @ tok=0 row=0  (integ=0.00000 ref=0.00000)  mean|integ|=0.0620 mean|ref|=0.0620
[lx-debug-moe-down-diff] n_tokens=1 k=8 embd=2048  max_diff=0.000000 @ tok=0 row=0  (integ=0.00000 ref=0.00000)  mean|integ|=0.1005 mean|ref|=0.1005
[lx-debug-moe-down-diff] n_tokens=1 k=8 embd=2048  max_diff=0.000000 @ tok=0 row=0  (integ=0.00000 ref=0.00000)  mean|integ|=0.1225 mean|ref|=0.1225
[lx-debug-moe-down-diff] n_tokens=1 k=8 embd=2048  max_diff=0.000000 @ tok=0 row=0  (integ=0.00000 ref=0.00000)  mean|integ|=0.1854 mean|ref|=0.1854
[lx-debug-moe-down-diff] n_tokens=1 k=8 embd=2048  max_diff=0.000000 @ tok=0 row=0  (integ=0.00000 ref=0.00000)  mean|integ|=0.1558 mean|ref|=0.1558
[lx-debug-moe-down-diff] n_tokens=1 k=8 embd=2048  max_diff=0.000000 @ tok=0 row=0  (integ=0.00000 ref=0.00000)  mean|integ|=0.0966 mean|ref|=0.0966
[lx-debug-moe-down-diff] n_tokens=1 k=8 embd=2048  max_diff=0.000000 @ tok=0 row=0  (integ=0.00000 ref=0.00000)  mean|integ|=0.1307 mean|ref|=0.1307
[lx-debug-moe-down-diff] n_tokens=1 k=8 embd=2048  max_diff=0.000000 @ tok=0 row=0  (integ=0.00000 ref=0.00000)  mean|integ|=0.1578 mean|ref|=0.1578
[lx-debug-moe-down-diff] n_tokens=1 k=8 embd=2048  max_diff=0.000000 @ tok=0 row=0  (integ=0.00000 ref=0.00000)  mean|integ|=0.1215 mean|ref|=0.1215
[lx-debug-moe-down-diff] n_tokens=1 k=8 embd=2048  max_diff=0.000000 @ tok=0 row=0  (integ=0.00000 ref=0.00000)  mean|integ|=0.1341 mean|ref|=0.1341
[lx-debug-moe-down-diff] n_tokens=1 k=8 embd=2048  max_diff=0.000000 @ tok=0 row=0  (integ=0.00000 ref=0.00000)  mean|integ|=0.1269 mean|ref|=0.1269
[lx-debug-moe-down-diff] n_tokens=1 k=8 embd=2048  max_diff=0.000000 @ tok=0 row=0  (integ=0.00000 ref=0.00000)  mean|integ|=0.1234 mean|ref|=0.1234
[lx-debug-moe-down-diff] n_tokens=1 k=8 embd=2048  max_diff=0.000000 @ tok=0 row=0  (integ=0.00000 ref=0.00000)  mean|integ|=0.1169 mean|ref|=0.1169
[lx-debug-moe-down-diff] n_tokens=1 k=8 embd=2048  max_diff=0.000000 @ tok=0 row=0  (integ=0.00000 ref=0.00000)  mean|integ|=0.0148 mean|ref|=0.0148
[lx-debug-moe-down-diff] n_tokens=1 k=8 embd=2048  max_diff=0.000000 @ tok=0 row=0  (integ=0.00000 ref=0.00000)  mean|integ|=0.0117 mean|ref|=0.0117
[lx-debug-moe-down-diff] n_tokens=1 k=8 embd=2048  max_diff=0.000000 @ tok=0 row=0  (integ=0.00000 ref=0.00000)  mean|integ|=0.0098 mean|ref|=0.0098
[lx-debug-moe-down-diff] n_tokens=1 k=8 embd=2048  max_diff=0.000000 @ tok=0 row=0  (integ=0.00000 ref=0.00000)  mean|integ|=0.0188 mean|ref|=0.0188
[lx-debug-moe-down-diff] n_tokens=1 k=8 embd=2048  max_diff=0.000000 @ tok=0 row=0  (integ=0.00000 ref=0.00000)  mean|integ|=0.0082 mean|ref|=0.0082
[lx-debug-moe-down-diff] n_tokens=1 k=8 embd=2048  max_diff=0.000000 @ tok=0 row=0  (integ=0.00000 ref=0.00000)  mean|integ|=0.0246 mean|ref|=0.0246
[lx-debug-moe-down-diff] n_tokens=1 k=8 embd=2048  max_diff=0.000000 @ tok=0 row=0  (integ=0.00000 ref=0.00000)  mean|integ|=0.0256 mean|ref|=0.0256
[lx-debug-moe-down-diff] n_tokens=1 k=8 embd=2048  max_diff=0.000000 @ tok=0 row=0  (integ=0.00000 ref=0.00000)  mean|integ|=0.0273 mean|ref|=0.0273
[lx-debug-moe-down-diff] n_tokens=1 k=8 embd=2048  max_diff=0.000000 @ tok=0 row=0  (integ=0.00000 ref=0.00000)  mean|integ|=0.0191 mean|ref|=0.0191
[lx-debug-moe-down-diff] n_tokens=1 k=8 embd=2048  max_diff=0.000000 @ tok=0 row=0  (integ=0.00000 ref=0.00000)  mean|integ|=0.0187 mean|ref|=0.0187
[lx-debug-moe-down-diff] n_tokens=1 k=8 embd=2048  max_diff=0.000000 @ tok=0 row=0  (integ=0.00000 ref=0.00000)  mean|integ|=0.0246 mean|ref|=0.0246
[lx-debug-moe-down-diff] n_tokens=1 k=8 embd=2048  max_diff=0.000000 @ tok=0 row=0  (integ=0.00000 ref=0.00000)  mean|integ|=0.0305 mean|ref|=0.0305
[lx-debug-moe-down-diff] n_tokens=1 k=8 embd=2048  max_diff=0.000000 @ tok=0 row=0  (integ=0.00000 ref=0.00000)  mean|integ|=0.0349 mean|ref|=0.0349
[lx-debug-moe-down-diff] n_tokens=1 k=8 embd=2048  max_diff=0.000000 @ tok=0 row=0  (integ=0.00000 ref=0.00000)  mean|integ|=0.0247 mean|ref|=0.0247
[lx-debug-moe-down-diff] n_tokens=1 k=8 embd=2048  max_diff=0.000000 @ tok=0 row=0  (integ=0.00000 ref=0.00000)  mean|integ|=0.0399 mean|ref|=0.0399
[lx-debug-moe-down-diff] n_tokens=1 k=8 embd=2048  max_diff=0.000000 @ tok=0 row=0  (integ=0.00000 ref=0.00000)  mean|integ|=0.0369 mean|ref|=0.0369
[lx-debug-moe-down-diff] n_tokens=1 k=8 embd=2048  max_diff=0.000000 @ tok=0 row=0  (integ=0.00000 ref=0.00000)  mean|integ|=0.0323 mean|ref|=0.0323
[lx-debug-moe-down-diff] n_tokens=1 k=8 embd=2048  max_diff=0.000000 @ tok=0 row=0  (integ=0.00000 ref=0.00000)  mean|integ|=0.0415 mean|ref|=0.0415
[lx-debug-moe-down-diff] n_tokens=1 k=8 embd=2048  max_diff=0.000000 @ tok=0 row=0  (integ=0.00000 ref=0.00000)  mean|integ|=0.0389 mean|ref|=0.0389
[lx-debug-moe-down-diff] n_tokens=1 k=8 embd=2048  max_diff=0.000000 @ tok=0 row=0  (integ=0.00000 ref=0.00000)  mean|integ|=0.0447 mean|ref|=0.0447
[lx-debug-moe-down-diff] n_tokens=1 k=8 embd=2048  max_diff=0.000000 @ tok=0 row=0  (integ=0.00000 ref=0.00000)  mean|integ|=0.0490 mean|ref|=0.0490
[lx-debug-moe-down-diff] n_tokens=1 k=8 embd=2048  max_diff=0.000000 @ tok=0 row=0  (integ=0.00000 ref=0.00000)  mean|integ|=0.0630 mean|ref|=0.0630
[lx-debug-moe-down-diff] n_tokens=1 k=8 embd=2048  max_diff=0.000000 @ tok=0 row=0  (integ=0.00000 ref=0.00000)  mean|integ|=0.0874 mean|ref|=0.0874
[lx-debug-moe-down-diff] n_tokens=1 k=8 embd=2048  max_diff=0.000000 @ tok=0 row=0  (integ=0.00000 ref=0.00000)  mean|integ|=0.0937 mean|ref|=0.0937
[lx-debug-moe-down-diff] n_tokens=1 k=8 embd=2048  max_diff=0.000000 @ tok=0 row=0  (integ=0.00000 ref=0.00000)  mean|integ|=0.0651 mean|ref|=0.0651
[lx-debug-moe-down-diff] n_tokens=1 k=8 embd=2048  max_diff=0.000000 @ tok=0 row=0  (integ=0.00000 ref=0.00000)  mean|integ|=0.0826 mean|ref|=0.0826
[lx-debug-moe-down-diff] n_tokens=1 k=8 embd=2048  max_diff=0.000000 @ tok=0 row=0  (integ=0.00000 ref=0.00000)  mean|integ|=0.0662 mean|ref|=0.0662
[lx-debug-moe-down-diff] n_tokens=1 k=8 embd=2048  max_diff=0.000000 @ tok=0 row=0  (integ=0.00000 ref=0.00000)  mean|integ|=0.0903 mean|ref|=0.0903
[lx-debug-moe-down-diff] n_tokens=1 k=8 embd=2048  max_diff=0.000000 @ tok=0 row=0  (integ=0.00000 ref=0.00000)  mean|integ|=0.1143 mean|ref|=0.1143
[lx-debug-moe-down-diff] n_tokens=1 k=8 embd=2048  max_diff=0.000000 @ tok=0 row=0  (integ=0.00000 ref=0.00000)  mean|integ|=0.1109 mean|ref|=0.1109
[lx-debug-moe-down-diff] n_tokens=1 k=8 embd=2048  max_diff=0.000000 @ tok=0 row=0  (integ=0.00000 ref=0.00000)  mean|integ|=0.1401 mean|ref|=0.1401
[lx-debug-moe-down-diff] n_tokens=1 k=8 embd=2048  max_diff=0.000000 @ tok=0 row=0  (integ=0.00000 ref=0.00000)  mean|integ|=0.1478 mean|ref|=0.1478
[lx-debug-moe-down-diff] n_tokens=1 k=8 embd=2048  max_diff=0.000000 @ tok=0 row=0  (integ=0.00000 ref=0.00000)  mean|integ|=0.0874 mean|ref|=0.0874
[lx-debug-moe-down-diff] n_tokens=1 k=8 embd=2048  max_diff=0.000000 @ tok=0 row=0  (integ=0.00000 ref=0.00000)  mean|integ|=0.1700 mean|ref|=0.1700
[lx-debug-moe-down-diff] n_tokens=1 k=8 embd=2048  max_diff=0.000000 @ tok=0 row=0  (integ=0.00000 ref=0.00000)  mean|integ|=0.2253 mean|ref|=0.2253
[lx-debug-moe-down-diff] n_tokens=1 k=8 embd=2048  max_diff=0.000000 @ tok=0 row=0  (integ=0.00000 ref=0.00000)  mean|integ|=0.1081 mean|ref|=0.1081
[lx-debug-moe-down-diff] n_tokens=1 k=8 embd=2048  max_diff=0.000000 @ tok=0 row=0  (integ=0.00000 ref=0.00000)  mean|integ|=0.1971 mean|ref|=0.1971
[lx-debug-moe-down-diff] n_tokens=1 k=8 embd=2048  max_diff=0.000000 @ tok=0 row=0  (integ=0.00000 ref=0.00000)  mean|integ|=0.1050 mean|ref|=0.1050
[lx-debug-moe-down-diff] n_tokens=1 k=8 embd=2048  max_diff=0.000000 @ tok=0 row=0  (integ=0.00000 ref=0.00000)  mean|integ|=0.0098 mean|ref|=0.0098
[lx-debug-moe-down-diff] n_tokens=1 k=8 embd=2048  max_diff=0.000000 @ tok=0 row=0  (integ=0.00000 ref=0.00000)  mean|integ|=0.0153 mean|ref|=0.0153
[lx-debug-moe-down-diff] n_tokens=1 k=8 embd=2048  max_diff=0.000000 @ tok=0 row=0  (integ=0.00000 ref=0.00000)  mean|integ|=0.0071 mean|ref|=0.0071
[lx-debug-moe-down-diff] n_tokens=1 k=8 embd=2048  max_diff=0.000000 @ tok=0 row=0  (integ=0.00000 ref=0.00000)  mean|integ|=0.0172 mean|ref|=0.0172
[lx-debug-moe-down-diff] n_tokens=1 k=8 embd=2048  max_diff=0.000000 @ tok=0 row=0  (integ=0.00000 ref=0.00000)  mean|integ|=0.0112 mean|ref|=0.0112
[lx-debug-moe-down-diff] n_tokens=1 k=8 embd=2048  max_diff=0.000000 @ tok=0 row=0  (integ=0.00000 ref=0.00000)  mean|integ|=0.0175 mean|ref|=0.0175
[lx-debug-moe-down-diff] n_tokens=1 k=8 embd=2048  max_diff=0.000000 @ tok=0 row=0  (integ=0.00000 ref=0.00000)  mean|integ|=0.0190 mean|ref|=0.0190
[lx-debug-moe-down-diff] n_tokens=1 k=8 embd=2048  max_diff=0.000000 @ tok=0 row=0  (integ=0.00000 ref=0.00000)  mean|integ|=0.0248 mean|ref|=0.0248
[lx-debug-moe-down-diff] n_tokens=1 k=8 embd=2048  max_diff=0.000000 @ tok=0 row=0  (integ=0.00000 ref=0.00000)  mean|integ|=0.0162 mean|ref|=0.0162
[lx-debug-moe-down-diff] n_tokens=1 k=8 embd=2048  max_diff=0.000000 @ tok=0 row=0  (integ=0.00000 ref=0.00000)  mean|integ|=0.0178 mean|ref|=0.0178
[lx-debug-moe-down-diff] n_tokens=1 k=8 embd=2048  max_diff=0.000000 @ tok=0 row=0  (integ=0.00000 ref=0.00000)  mean|integ|=0.0264 mean|ref|=0.0264
[lx-debug-moe-down-diff] n_tokens=1 k=8 embd=2048  max_diff=0.000000 @ tok=0 row=0  (integ=0.00000 ref=0.00000)  mean|integ|=0.0257 mean|ref|=0.0257
[lx-debug-moe-down-diff] n_tokens=1 k=8 embd=2048  max_diff=0.000000 @ tok=0 row=0  (integ=0.00000 ref=0.00000)  mean|integ|=0.0289 mean|ref|=0.0289
[lx-debug-moe-down-diff] n_tokens=1 k=8 embd=2048  max_diff=0.000000 @ tok=0 row=0  (integ=0.00000 ref=0.00000)  mean|integ|=0.0286 mean|ref|=0.0286
[lx-debug-moe-down-diff] n_tokens=1 k=8 embd=2048  max_diff=0.000000 @ tok=0 row=0  (integ=0.00000 ref=0.00000)  mean|integ|=0.0309 mean|ref|=0.0309
[lx-debug-moe-down-diff] n_tokens=1 k=8 embd=2048  max_diff=0.000000 @ tok=0 row=0  (integ=0.00000 ref=0.00000)  mean|integ|=0.0357 mean|ref|=0.0357
[lx-debug-moe-down-diff] n_tokens=1 k=8 embd=2048  max_diff=0.000000 @ tok=0 row=0  (integ=0.00000 ref=0.00000)  mean|integ|=0.0393 mean|ref|=0.0393
[lx-debug-moe-down-diff] n_tokens=1 k=8 embd=2048  max_diff=0.000000 @ tok=0 row=0  (integ=0.00000 ref=0.00000)  mean|integ|=0.0416 mean|ref|=0.0416
[lx-debug-moe-down-diff] n_tokens=1 k=8 embd=2048  max_diff=0.000000 @ tok=0 row=0  (integ=0.00000 ref=0.00000)  mean|integ|=0.0364 mean|ref|=0.0364
[lx-debug-moe-down-diff] n_tokens=1 k=8 embd=2048  max_diff=0.000000 @ tok=0 row=0  (integ=0.00000 ref=0.00000)  mean|integ|=0.0363 mean|ref|=0.0363
[lx-debug-moe-down-diff] n_tokens=1 k=8 embd=2048  max_diff=0.000000 @ tok=0 row=0  (integ=0.00000 ref=0.00000)  mean|integ|=0.0578 mean|ref|=0.0578
[lx-debug-moe-down-diff] n_tokens=1 k=8 embd=2048  max_diff=0.000000 @ tok=0 row=0  (integ=0.00000 ref=0.00000)  mean|integ|=0.0444 mean|ref|=0.0444
[lx-debug-moe-down-diff] n_tokens=1 k=8 embd=2048  max_diff=0.000000 @ tok=0 row=0  (integ=0.00000 ref=0.00000)  mean|integ|=0.0483 mean|ref|=0.0483
[lx-debug-moe-down-diff] n_tokens=1 k=8 embd=2048  max_diff=0.000000 @ tok=0 row=0  (integ=0.00000 ref=0.00000)  mean|integ|=0.0942 mean|ref|=0.0942
[lx-debug-moe-down-diff] n_tokens=1 k=8 embd=2048  max_diff=0.000000 @ tok=0 row=0  (integ=0.00000 ref=0.00000)  mean|integ|=0.0672 mean|ref|=0.0672
[lx-debug-moe-down-diff] n_tokens=1 k=8 embd=2048  max_diff=0.000000 @ tok=0 row=0  (integ=0.00000 ref=0.00000)  mean|integ|=0.0755 mean|ref|=0.0755
[lx-debug-moe-down-diff] n_tokens=1 k=8 embd=2048  max_diff=0.000000 @ tok=0 row=0  (integ=0.00000 ref=0.00000)  mean|integ|=0.0757 mean|ref|=0.0757
[lx-debug-moe-down-diff] n_tokens=1 k=8 embd=2048  max_diff=0.000000 @ tok=0 row=0  (integ=0.00000 ref=0.00000)  mean|integ|=0.0854 mean|ref|=0.0854
[lx-debug-moe-down-diff] n_tokens=1 k=8 embd=2048  max_diff=0.000000 @ tok=0 row=0  (integ=0.00000 ref=0.00000)  mean|integ|=0.0749 mean|ref|=0.0749
[lx-debug-moe-down-diff] n_tokens=1 k=8 embd=2048  max_diff=0.000000 @ tok=0 row=0  (integ=0.00000 ref=0.00000)  mean|integ|=0.1048 mean|ref|=0.1048
[lx-debug-moe-down-diff] n_tokens=1 k=8 embd=2048  max_diff=0.000000 @ tok=0 row=0  (integ=0.00000 ref=0.00000)  mean|integ|=0.1029 mean|ref|=0.1029
[lx-debug-moe-down-diff] n_tokens=1 k=8 embd=2048  max_diff=0.000000 @ tok=0 row=0  (integ=0.00000 ref=0.00000)  mean|integ|=0.1272 mean|ref|=0.1272
[lx-debug-moe-down-diff] n_tokens=1 k=8 embd=2048  max_diff=0.000000 @ tok=0 row=0  (integ=0.00000 ref=0.00000)  mean|integ|=0.0977 mean|ref|=0.0977
[lx-debug-moe-down-diff] n_tokens=1 k=8 embd=2048  max_diff=0.000000 @ tok=0 row=0  (integ=0.00000 ref=0.00000)  mean|integ|=0.1198 mean|ref|=0.1198
[lx-debug-moe-down-diff] n_tokens=1 k=8 embd=2048  max_diff=0.000000 @ tok=0 row=0  (integ=0.00000 ref=0.00000)  mean|integ|=0.1307 mean|ref|=0.1307
[lx-debug-moe-down-diff] n_tokens=1 k=8 embd=2048  max_diff=0.000000 @ tok=0 row=0  (integ=0.00000 ref=0.00000)  mean|integ|=0.1335 mean|ref|=0.1335
[lx-debug-moe-down-diff] n_tokens=1 k=8 embd=2048  max_diff=0.000000 @ tok=0 row=0  (integ=0.00000 ref=0.00000)  mean|integ|=0.1241 mean|ref|=0.1241
[lx-debug-moe-down-diff] n_tokens=1 k=8 embd=2048  max_diff=0.000000 @ tok=0 row=0  (integ=0.00000 ref=0.00000)  mean|integ|=0.1626 mean|ref|=0.1626
[lx-debug-moe-down-diff] n_tokens=1 k=8 embd=2048  max_diff=0.000000 @ tok=0 row=0  (integ=0.00000 ref=0.00000)  mean|integ|=0.0189 mean|ref|=0.0189
[lx-debug-moe-down-diff] n_tokens=1 k=8 embd=2048  max_diff=0.000000 @ tok=0 row=0  (integ=0.00000 ref=0.00000)  mean|integ|=0.0213 mean|ref|=0.0213
[lx-debug-moe-down-diff] n_tokens=1 k=8 embd=2048  max_diff=0.000000 @ tok=0 row=0  (integ=0.00000 ref=0.00000)  mean|integ|=0.0079 mean|ref|=0.0079
[lx-debug-moe-down-diff] n_tokens=1 k=8 embd=2048  max_diff=0.000000 @ tok=0 row=0  (integ=0.00000 ref=0.00000)  mean|integ|=0.0174 mean|ref|=0.0174
[lx-debug-moe-down-diff] n_tokens=1 k=8 embd=2048  max_diff=0.000000 @ tok=0 row=0  (integ=0.00000 ref=0.00000)  mean|integ|=0.0092 mean|ref|=0.0092
[lx-debug-moe-down-diff] n_tokens=1 k=8 embd=2048  max_diff=0.000000 @ tok=0 row=0  (integ=0.00000 ref=0.00000)  mean|integ|=0.0287 mean|ref|=0.0287
[lx-debug-moe-down-diff] n_tokens=1 k=8 embd=2048  max_diff=0.000000 @ tok=0 row=0  (integ=0.00000 ref=0.00000)  mean|integ|=0.0269 mean|ref|=0.0269
[lx-debug-moe-down-diff] n_tokens=1 k=8 embd=2048  max_diff=0.000000 @ tok=0 row=0  (integ=0.00000 ref=0.00000)  mean|integ|=0.0260 mean|ref|=0.0260
[lx-debug-moe-down-diff] n_tokens=1 k=8 embd=2048  max_diff=0.000000 @ tok=0 row=0  (integ=0.00000 ref=0.00000)  mean|integ|=0.0167 mean|ref|=0.0167
[lx-debug-moe-down-diff] n_tokens=1 k=8 embd=2048  max_diff=0.000000 @ tok=0 row=0  (integ=0.00000 ref=0.00000)  mean|integ|=0.0213 mean|ref|=0.0213
[lx-debug-moe-down-diff] n_tokens=1 k=8 embd=2048  max_diff=0.000000 @ tok=0 row=0  (integ=0.00000 ref=0.00000)  mean|integ|=0.0246 mean|ref|=0.0246
[lx-debug-moe-down-diff] n_tokens=1 k=8 embd=2048  max_diff=0.000000 @ tok=0 row=0  (integ=0.00000 ref=0.00000)  mean|integ|=0.0275 mean|ref|=0.0275
[lx-debug-moe-down-diff] n_tokens=1 k=8 embd=2048  max_diff=0.000000 @ tok=0 row=0  (integ=0.00000 ref=0.00000)  mean|integ|=0.0334 mean|ref|=0.0334
[lx-debug-moe-down-diff] n_tokens=1 k=8 embd=2048  max_diff=0.000000 @ tok=0 row=0  (integ=0.00000 ref=0.00000)  mean|integ|=0.0277 mean|ref|=0.0277
[lx-debug-moe-down-diff] n_tokens=1 k=8 embd=2048  max_diff=0.000000 @ tok=0 row=0  (integ=0.00000 ref=0.00000)  mean|integ|=0.0329 mean|ref|=0.0329
[lx-debug-moe-down-diff] n_tokens=1 k=8 embd=2048  max_diff=0.000000 @ tok=0 row=0  (integ=0.00000 ref=0.00000)  mean|integ|=0.0330 mean|ref|=0.0330
[lx-debug-moe-down-diff] n_tokens=1 k=8 embd=2048  max_diff=0.000000 @ tok=0 row=0  (integ=0.00000 ref=0.00000)  mean|integ|=0.0498 mean|ref|=0.0498
[lx-debug-moe-down-diff] n_tokens=1 k=8 embd=2048  max_diff=0.000000 @ tok=0 row=0  (integ=0.00000 ref=0.00000)  mean|integ|=0.0452 mean|ref|=0.0452
[lx-debug-moe-down-diff] n_tokens=1 k=8 embd=2048  max_diff=0.000000 @ tok=0 row=0  (integ=0.00000 ref=0.00000)  mean|integ|=0.0524 mean|ref|=0.0524
[lx-debug-moe-down-diff] n_tokens=1 k=8 embd=2048  max_diff=0.000000 @ tok=0 row=0  (integ=0.00000 ref=0.00000)  mean|integ|=0.0401 mean|ref|=0.0401
[lx-debug-moe-down-diff] n_tokens=1 k=8 embd=2048  max_diff=0.000000 @ tok=0 row=0  (integ=0.00000 ref=0.00000)  mean|integ|=0.0525 mean|ref|=0.0525
[lx-debug-moe-down-diff] n_tokens=1 k=8 embd=2048  max_diff=0.000000 @ tok=0 row=0  (integ=0.00000 ref=0.00000)  mean|integ|=0.0549 mean|ref|=0.0549
[lx-debug-moe-down-diff] n_tokens=1 k=8 embd=2048  max_diff=0.000000 @ tok=0 row=0  (integ=0.00000 ref=0.00000)  mean|integ|=0.0804 mean|ref|=0.0804
[lx-debug-moe-down-diff] n_tokens=1 k=8 embd=2048  max_diff=0.000000 @ tok=0 row=0  (integ=0.00000 ref=0.00000)  mean|integ|=0.0971 mean|ref|=0.0971
[lx-debug-moe-down-diff] n_tokens=1 k=8 embd=2048  max_diff=0.000000 @ tok=0 row=0  (integ=0.00000 ref=0.00000)  mean|integ|=0.0840 mean|ref|=0.0840
[lx-debug-moe-down-diff] n_tokens=1 k=8 embd=2048  max_diff=0.000000 @ tok=0 row=0  (integ=0.00000 ref=0.00000)  mean|integ|=0.0774 mean|ref|=0.0774
[lx-debug-moe-down-diff] n_tokens=1 k=8 embd=2048  max_diff=0.000000 @ tok=0 row=0  (integ=0.00000 ref=0.00000)  mean|integ|=0.1356 mean|ref|=0.1356
[lx-debug-moe-down-diff] n_tokens=1 k=8 embd=2048  max_diff=0.000000 @ tok=0 row=0  (integ=0.00000 ref=0.00000)  mean|integ|=0.0683 mean|ref|=0.0683
[lx-debug-moe-down-diff] n_tokens=1 k=8 embd=2048  max_diff=0.000000 @ tok=0 row=0  (integ=0.00000 ref=0.00000)  mean|integ|=0.1305 mean|ref|=0.1305
[lx-debug-moe-down-diff] n_tokens=1 k=8 embd=2048  max_diff=0.000000 @ tok=0 row=0  (integ=0.00000 ref=0.00000)  mean|integ|=0.1053 mean|ref|=0.1053
[lx-debug-moe-down-diff] n_tokens=1 k=8 embd=2048  max_diff=0.000000 @ tok=0 row=0  (integ=0.00000 ref=0.00000)  mean|integ|=0.1106 mean|ref|=0.1106
[lx-debug-moe-down-diff] n_tokens=1 k=8 embd=2048  max_diff=0.000000 @ tok=0 row=0  (integ=0.00000 ref=0.00000)  mean|integ|=0.0952 mean|ref|=0.0952
[lx-debug-moe-down-diff] n_tokens=1 k=8 embd=2048  max_diff=0.000000 @ tok=0 row=0  (integ=0.00000 ref=0.00000)  mean|integ|=0.1428 mean|ref|=0.1428
[lx-debug-moe-down-diff] n_tokens=1 k=8 embd=2048  max_diff=0.000000 @ tok=0 row=0  (integ=0.00000 ref=0.00000)  mean|integ|=0.1730 mean|ref|=0.1730
[lx-debug-moe-down-diff] n_tokens=1 k=8 embd=2048  max_diff=0.000000 @ tok=0 row=0  (integ=0.00000 ref=0.00000)  mean|integ|=0.0861 mean|ref|=0.0861
[lx-debug-moe-down-diff] n_tokens=1 k=8 embd=2048  max_diff=0.000000 @ tok=0 row=0  (integ=0.00000 ref=0.00000)  mean|integ|=0.0789 mean|ref|=0.0789
[lx-debug-moe-down-diff] n_tokens=1 k=8 embd=2048  max_diff=0.000000 @ tok=0 row=0  (integ=0.00000 ref=0.00000)  mean|integ|=0.1598 mean|ref|=0.1598
[lx-debug-moe-down-diff] n_tokens=1 k=8 embd=2048  max_diff=0.000000 @ tok=0 row=0  (integ=0.00000 ref=0.00000)  mean|integ|=0.2503 mean|ref|=0.2503
[lx-debug-moe-down-diff] n_tokens=1 k=8 embd=2048  max_diff=0.000000 @ tok=0 row=0  (integ=0.00000 ref=0.00000)  mean|integ|=0.0064 mean|ref|=0.0064
[lx-debug-moe-down-diff] n_tokens=1 k=8 embd=2048  max_diff=0.000000 @ tok=0 row=0  (integ=0.00000 ref=0.00000)  mean|integ|=0.0096 mean|ref|=0.0096
[lx-debug-moe-down-diff] n_tokens=1 k=8 embd=2048  max_diff=0.000000 @ tok=0 row=0  (integ=0.00000 ref=0.00000)  mean|integ|=0.0079 mean|ref|=0.0079
[lx-debug-moe-down-diff] n_tokens=1 k=8 embd=2048  max_diff=0.000000 @ tok=0 row=0  (integ=0.00000 ref=0.00000)  mean|integ|=0.0110 mean|ref|=0.0110
[lx-debug-moe-down-diff] n_tokens=1 k=8 embd=2048  max_diff=0.000000 @ tok=0 row=0  (integ=0.00000 ref=0.00000)  mean|integ|=0.0076 mean|ref|=0.0076
[lx-debug-moe-down-diff] n_tokens=1 k=8 embd=2048  max_diff=0.000000 @ tok=0 row=0  (integ=0.00000 ref=0.00000)  mean|integ|=0.0135 mean|ref|=0.0135
[lx-debug-moe-down-diff] n_tokens=1 k=8 embd=2048  max_diff=0.000000 @ tok=0 row=0  (integ=0.00000 ref=0.00000)  mean|integ|=0.0120 mean|ref|=0.0120
[lx-debug-moe-down-diff] n_tokens=1 k=8 embd=2048  max_diff=0.000000 @ tok=0 row=0  (integ=0.00000 ref=0.00000)  mean|integ|=0.0121 mean|ref|=0.0121
[lx-debug-moe-down-diff] n_tokens=1 k=8 embd=2048  max_diff=0.000000 @ tok=0 row=0  (integ=0.00000 ref=0.00000)  mean|integ|=0.0115 mean|ref|=0.0115
[lx-debug-moe-down-diff] n_tokens=1 k=8 embd=2048  max_diff=0.000000 @ tok=0 row=0  (integ=0.00000 ref=0.00000)  mean|integ|=0.0151 mean|ref|=0.0151
[lx-debug-moe-down-diff] n_tokens=1 k=8 embd=2048  max_diff=0.000000 @ tok=0 row=0  (integ=0.00000 ref=0.00000)  mean|integ|=0.0230 mean|ref|=0.0230
[lx-debug-moe-down-diff] n_tokens=1 k=8 embd=2048  max_diff=0.000000 @ tok=0 row=0  (integ=0.00000 ref=0.00000)  mean|integ|=0.0325 mean|ref|=0.0325
[lx-debug-moe-down-diff] n_tokens=1 k=8 embd=2048  max_diff=0.000000 @ tok=0 row=0  (integ=0.00000 ref=0.00000)  mean|integ|=0.0210 mean|ref|=0.0210
[lx-debug-moe-down-diff] n_tokens=1 k=8 embd=2048  max_diff=0.000000 @ tok=0 row=0  (integ=0.00000 ref=0.00000)  mean|integ|=0.0372 mean|ref|=0.0372
[lx-debug-moe-down-diff] n_tokens=1 k=8 embd=2048  max_diff=0.000000 @ tok=0 row=0  (integ=0.00000 ref=0.00000)  mean|integ|=0.0509 mean|ref|=0.0509
[lx-debug-moe-down-diff] n_tokens=1 k=8 embd=2048  max_diff=0.000000 @ tok=0 row=0  (integ=0.00000 ref=0.00000)  mean|integ|=0.0464 mean|ref|=0.0464
[lx-debug-moe-down-diff] n_tokens=1 k=8 embd=2048  max_diff=0.000000 @ tok=0 row=0  (integ=0.00000 ref=0.00000)  mean|integ|=0.0436 mean|ref|=0.0436
[lx-debug-moe-down-diff] n_tokens=1 k=8 embd=2048  max_diff=0.000000 @ tok=0 row=0  (integ=0.00000 ref=0.00000)  mean|integ|=0.0504 mean|ref|=0.0504
[lx-debug-moe-down-diff] n_tokens=1 k=8 embd=2048  max_diff=0.000000 @ tok=0 row=0  (integ=0.00000 ref=0.00000)  mean|integ|=0.0435 mean|ref|=0.0435
[lx-debug-moe-down-diff] n_tokens=1 k=8 embd=2048  max_diff=0.000000 @ tok=0 row=0  (integ=0.00000 ref=0.00000)  mean|integ|=0.0755 mean|ref|=0.0755
[lx-debug-moe-down-diff] n_tokens=1 k=8 embd=2048  max_diff=0.000000 @ tok=0 row=0  (integ=0.00000 ref=0.00000)  mean|integ|=0.0616 mean|ref|=0.0616
[lx-debug-moe-down-diff] n_tokens=1 k=8 embd=2048  max_diff=0.000000 @ tok=0 row=0  (integ=0.00000 ref=0.00000)  mean|integ|=0.0489 mean|ref|=0.0489
[lx-debug-moe-down-diff] n_tokens=1 k=8 embd=2048  max_diff=0.000000 @ tok=0 row=0  (integ=0.00000 ref=0.00000)  mean|integ|=0.0607 mean|ref|=0.0607
[lx-debug-moe-down-diff] n_tokens=1 k=8 embd=2048  max_diff=0.000000 @ tok=0 row=0  (integ=0.00000 ref=0.00000)  mean|integ|=0.0861 mean|ref|=0.0861
[lx-debug-moe-down-diff] n_tokens=1 k=8 embd=2048  max_diff=0.000000 @ tok=0 row=0  (integ=0.00000 ref=0.00000)  mean|integ|=0.0770 mean|ref|=0.0770
[lx-debug-moe-down-diff] n_tokens=1 k=8 embd=2048  max_diff=0.000000 @ tok=0 row=0  (integ=0.00000 ref=0.00000)  mean|integ|=0.1001 mean|ref|=0.1001
[lx-debug-moe-down-diff] n_tokens=1 k=8 embd=2048  max_diff=0.000000 @ tok=0 row=0  (integ=0.00000 ref=0.00000)  mean|integ|=0.1136 mean|ref|=0.1136
[lx-debug-moe-down-diff] n_tokens=1 k=8 embd=2048  max_diff=0.000000 @ tok=0 row=0  (integ=0.00000 ref=0.00000)  mean|integ|=0.1088 mean|ref|=0.1088
[lx-debug-moe-down-diff] n_tokens=1 k=8 embd=2048  max_diff=0.000000 @ tok=0 row=0  (integ=0.00000 ref=0.00000)  mean|integ|=0.1293 mean|ref|=0.1293
[lx-debug-moe-down-diff] n_tokens=1 k=8 embd=2048  max_diff=0.000000 @ tok=0 row=0  (integ=0.00000 ref=0.00000)  mean|integ|=0.0951 mean|ref|=0.0951
[lx-debug-moe-down-diff] n_tokens=1 k=8 embd=2048  max_diff=0.000000 @ tok=0 row=0  (integ=0.00000 ref=0.00000)  mean|integ|=0.1468 mean|ref|=0.1468
[lx-debug-moe-down-diff] n_tokens=1 k=8 embd=2048  max_diff=0.000000 @ tok=0 row=0  (integ=0.00000 ref=0.00000)  mean|integ|=0.1946 mean|ref|=0.1946
[lx-debug-moe-down-diff] n_tokens=1 k=8 embd=2048  max_diff=0.000000 @ tok=0 row=0  (integ=0.00000 ref=0.00000)  mean|integ|=0.1714 mean|ref|=0.1714
[lx-debug-moe-down-diff] n_tokens=1 k=8 embd=2048  max_diff=0.000000 @ tok=0 row=0  (integ=0.00000 ref=0.00000)  mean|integ|=0.1118 mean|ref|=0.1118
[lx-debug-moe-down-diff] n_tokens=1 k=8 embd=2048  max_diff=0.000000 @ tok=0 row=0  (integ=0.00000 ref=0.00000)  mean|integ|=0.0831 mean|ref|=0.0831
[lx-debug-moe-down-diff] n_tokens=1 k=8 embd=2048  max_diff=0.000000 @ tok=0 row=0  (integ=0.00000 ref=0.00000)  mean|integ|=0.1617 mean|ref|=0.1617
[lx-debug-moe-down-diff] n_tokens=1 k=8 embd=2048  max_diff=0.000000 @ tok=0 row=0  (integ=0.00000 ref=0.00000)  mean|integ|=0.1320 mean|ref|=0.1320
[lx-debug-moe-down-diff] n_tokens=1 k=8 embd=2048  max_diff=0.000000 @ tok=0 row=0  (integ=0.00000 ref=0.00000)  mean|integ|=0.1407 mean|ref|=0.1407
[lx-debug-moe-down-diff] n_tokens=1 k=8 embd=2048  max_diff=0.000000 @ tok=0 row=0  (integ=0.00000 ref=0.00000)  mean|integ|=0.0149 mean|ref|=0.0149
[lx-debug-moe-down-diff] n_tokens=1 k=8 embd=2048  max_diff=0.000000 @ tok=0 row=0  (integ=0.00000 ref=0.00000)  mean|integ|=0.0184 mean|ref|=0.0184
[lx-debug-moe-down-diff] n_tokens=1 k=8 embd=2048  max_diff=0.000000 @ tok=0 row=0  (integ=0.00000 ref=0.00000)  mean|integ|=0.0203 mean|ref|=0.0203
[lx-debug-moe-down-diff] n_tokens=1 k=8 embd=2048  max_diff=0.000000 @ tok=0 row=0  (integ=0.00000 ref=0.00000)  mean|integ|=0.0107 mean|ref|=0.0107
[lx-debug-moe-down-diff] n_tokens=1 k=8 embd=2048  max_diff=0.000000 @ tok=0 row=0  (integ=0.00000 ref=0.00000)  mean|integ|=0.0117 mean|ref|=0.0117
[lx-debug-moe-down-diff] n_tokens=1 k=8 embd=2048  max_diff=0.000000 @ tok=0 row=0  (integ=0.00000 ref=0.00000)  mean|integ|=0.0166 mean|ref|=0.0166
[lx-debug-moe-down-diff] n_tokens=1 k=8 embd=2048  max_diff=0.000000 @ tok=0 row=0  (integ=0.00000 ref=0.00000)  mean|integ|=0.0217 mean|ref|=0.0217
[lx-debug-moe-down-diff] n_tokens=1 k=8 embd=2048  max_diff=0.000000 @ tok=0 row=0  (integ=0.00000 ref=0.00000)  mean|integ|=0.0297 mean|ref|=0.0297
[lx-debug-moe-down-diff] n_tokens=1 k=8 embd=2048  max_diff=0.000000 @ tok=0 row=0  (integ=0.00000 ref=0.00000)  mean|integ|=0.0192 mean|ref|=0.0192
[lx-debug-moe-down-diff] n_tokens=1 k=8 embd=2048  max_diff=0.000000 @ tok=0 row=0  (integ=0.00000 ref=0.00000)  mean|integ|=0.0331 mean|ref|=0.0331
[lx-debug-moe-down-diff] n_tokens=1 k=8 embd=2048  max_diff=0.000000 @ tok=0 row=0  (integ=0.00000 ref=0.00000)  mean|integ|=0.0228 mean|ref|=0.0228
[lx-debug-moe-down-diff] n_tokens=1 k=8 embd=2048  max_diff=0.000000 @ tok=0 row=0  (integ=0.00000 ref=0.00000)  mean|integ|=0.0317 mean|ref|=0.0317
[lx-debug-moe-down-diff] n_tokens=1 k=8 embd=2048  max_diff=0.000000 @ tok=0 row=0  (integ=0.00000 ref=0.00000)  mean|integ|=0.0447 mean|ref|=0.0447
[lx-debug-moe-down-diff] n_tokens=1 k=8 embd=2048  max_diff=0.000000 @ tok=0 row=0  (integ=0.00000 ref=0.00000)  mean|integ|=0.0399 mean|ref|=0.0399
[lx-debug-moe-down-diff] n_tokens=1 k=8 embd=2048  max_diff=0.000000 @ tok=0 row=0  (integ=0.00000 ref=0.00000)  mean|integ|=0.0266 mean|ref|=0.0266
[lx-debug-moe-down-diff] n_tokens=1 k=8 embd=2048  max_diff=0.000000 @ tok=0 row=0  (integ=0.00000 ref=0.00000)  mean|integ|=0.0320 mean|ref|=0.0320
[lx-debug-moe-down-diff] n_tokens=1 k=8 embd=2048  max_diff=0.000000 @ tok=0 row=0  (integ=0.00000 ref=0.00000)  mean|integ|=0.0523 mean|ref|=0.0523
[lx-debug-moe-down-diff] n_tokens=1 k=8 embd=2048  max_diff=0.000000 @ tok=0 row=0  (integ=0.00000 ref=0.00000)  mean|integ|=0.0453 mean|ref|=0.0453
[lx-debug-moe-down-diff] n_tokens=1 k=8 embd=2048  max_diff=0.000000 @ tok=0 row=0  (integ=0.00000 ref=0.00000)  mean|integ|=0.0414 mean|ref|=0.0414
[lx-debug-moe-down-diff] n_tokens=1 k=8 embd=2048  max_diff=0.000000 @ tok=0 row=0  (integ=0.00000 ref=0.00000)  mean|integ|=0.0331 mean|ref|=0.0331
[lx-debug-moe-down-diff] n_tokens=1 k=8 embd=2048  max_diff=0.000000 @ tok=0 row=0  (integ=0.00000 ref=0.00000)  mean|integ|=0.0542 mean|ref|=0.0542
[lx-debug-moe-down-diff] n_tokens=1 k=8 embd=2048  max_diff=0.000000 @ tok=0 row=0  (integ=0.00000 ref=0.00000)  mean|integ|=0.0625 mean|ref|=0.0625
[lx-debug-moe-down-diff] n_tokens=1 k=8 embd=2048  max_diff=0.000000 @ tok=0 row=0  (integ=0.00000 ref=0.00000)  mean|integ|=0.0542 mean|ref|=0.0542
[lx-debug-moe-down-diff] n_tokens=1 k=8 embd=2048  max_diff=0.000000 @ tok=0 row=0  (integ=0.00000 ref=0.00000)  mean|integ|=0.0951 mean|ref|=0.0951
[lx-debug-moe-down-diff] n_tokens=1 k=8 embd=2048  max_diff=0.000000 @ tok=0 row=0  (integ=0.00000 ref=0.00000)  mean|integ|=0.1107 mean|ref|=0.1107
[lx-debug-moe-down-diff] n_tokens=1 k=8 embd=2048  max_diff=0.000000 @ tok=0 row=0  (integ=0.00000 ref=0.00000)  mean|integ|=0.0601 mean|ref|=0.0601
[lx-debug-moe-down-diff] n_tokens=1 k=8 embd=2048  max_diff=0.000000 @ tok=0 row=0  (integ=0.00000 ref=0.00000)  mean|integ|=0.0816 mean|ref|=0.0816
[lx-debug-moe-down-diff] n_tokens=1 k=8 embd=2048  max_diff=0.000000 @ tok=0 row=0  (integ=0.00000 ref=0.00000)  mean|integ|=0.0710 mean|ref|=0.0710
[lx-debug-moe-down-diff] n_tokens=1 k=8 embd=2048  max_diff=0.000000 @ tok=0 row=0  (integ=0.00000 ref=0.00000)  mean|integ|=0.1317 mean|ref|=0.1317
[lx-debug-moe-down-diff] n_tokens=1 k=8 embd=2048  max_diff=0.000000 @ tok=0 row=0  (integ=0.00000 ref=0.00000)  mean|integ|=0.0982 mean|ref|=0.0982
[lx-debug-moe-down-diff] n_tokens=1 k=8 embd=2048  max_diff=0.000000 @ tok=0 row=0  (integ=0.00000 ref=0.00000)  mean|integ|=0.1190 mean|ref|=0.1190
[lx-debug-moe-down-diff] n_tokens=1 k=8 embd=2048  max_diff=0.000000 @ tok=0 row=0  (integ=0.00000 ref=0.00000)  mean|integ|=0.1049 mean|ref|=0.1049
[lx-debug-moe-down-diff] n_tokens=1 k=8 embd=2048  max_diff=0.000000 @ tok=0 row=0  (integ=0.00000 ref=0.00000)  mean|integ|=0.2370 mean|ref|=0.2370
[lx-debug-moe-down-diff] n_tokens=1 k=8 embd=2048  max_diff=0.000000 @ tok=0 row=0  (integ=0.00000 ref=0.00000)  mean|integ|=0.1727 mean|ref|=0.1727
[lx-debug-moe-down-diff] n_tokens=1 k=8 embd=2048  max_diff=0.000000 @ tok=0 row=0  (integ=0.00000 ref=0.00000)  mean|integ|=0.1212 mean|ref|=0.1212
[lx-debug-moe-down-diff] n_tokens=1 k=8 embd=2048  max_diff=0.000000 @ tok=0 row=0  (integ=0.00000 ref=0.00000)  mean|integ|=0.1312 mean|ref|=0.1312
[lx-debug-moe-down-diff] n_tokens=1 k=8 embd=2048  max_diff=0.000000 @ tok=0 row=0  (integ=0.00000 ref=0.00000)  mean|integ|=0.1351 mean|ref|=0.1351
[lx-debug-moe-down-diff] n_tokens=1 k=8 embd=2048  max_diff=0.000000 @ tok=0 row=0  (integ=0.00000 ref=0.00000)  mean|integ|=0.1025 mean|ref|=0.1025
[lx-debug-moe-down-diff] n_tokens=1 k=8 embd=2048  max_diff=0.000000 @ tok=0 row=0  (integ=0.00000 ref=0.00000)  mean|integ|=0.0119 mean|ref|=0.0119
[lx-debug-moe-down-diff] n_tokens=1 k=8 embd=2048  max_diff=0.000000 @ tok=0 row=0  (integ=0.00000 ref=0.00000)  mean|integ|=0.0099 mean|ref|=0.0099
[lx-debug-moe-down-diff] n_tokens=1 k=8 embd=2048  max_diff=0.000000 @ tok=0 row=0  (integ=0.00000 ref=0.00000)  mean|integ|=0.0171 mean|ref|=0.0171
[lx-debug-moe-down-diff] n_tokens=1 k=8 embd=2048  max_diff=0.000000 @ tok=0 row=0  (integ=0.00000 ref=0.00000)  mean|integ|=0.0140 mean|ref|=0.0140
[lx-debug-moe-down-diff] n_tokens=1 k=8 embd=2048  max_diff=0.000000 @ tok=0 row=0  (integ=0.00000 ref=0.00000)  mean|integ|=0.0102 mean|ref|=0.0102
[lx-debug-moe-down-diff] n_tokens=1 k=8 embd=2048  max_diff=0.000000 @ tok=0 row=0  (integ=0.00000 ref=0.00000)  mean|integ|=0.0154 mean|ref|=0.0154
[lx-debug-moe-down-diff] n_tokens=1 k=8 embd=2048  max_diff=0.000000 @ tok=0 row=0  (integ=0.00000 ref=0.00000)  mean|integ|=0.0159 mean|ref|=0.0159
[lx-debug-moe-down-diff] n_tokens=1 k=8 embd=2048  max_diff=0.000000 @ tok=0 row=0  (integ=0.00000 ref=0.00000)  mean|integ|=0.0293 mean|ref|=0.0293
[lx-debug-moe-down-diff] n_tokens=1 k=8 embd=2048  max_diff=0.000000 @ tok=0 row=0  (integ=0.00000 ref=0.00000)  mean|integ|=0.0216 mean|ref|=0.0216
[lx-debug-moe-down-diff] n_tokens=1 k=8 embd=2048  max_diff=0.000000 @ tok=0 row=0  (integ=0.00000 ref=0.00000)  mean|integ|=0.0249 mean|ref|=0.0249
[lx-debug-moe-down-diff] n_tokens=1 k=8 embd=2048  max_diff=0.000000 @ tok=0 row=0  (integ=0.00000 ref=0.00000)  mean|integ|=0.0248 mean|ref|=0.0248
[lx-debug-moe-down-diff] n_tokens=1 k=8 embd=2048  max_diff=0.000000 @ tok=0 row=0  (integ=0.00000 ref=0.00000)  mean|integ|=0.0542 mean|ref|=0.0542
[lx-debug-moe-down-diff] n_tokens=1 k=8 embd=2048  max_diff=0.000000 @ tok=0 row=0  (integ=0.00000 ref=0.00000)  mean|integ|=0.0302 mean|ref|=0.0302
[lx-debug-moe-down-diff] n_tokens=1 k=8 embd=2048  max_diff=0.000000 @ tok=0 row=0  (integ=0.00000 ref=0.00000)  mean|integ|=0.0337 mean|ref|=0.0337
[lx-debug-moe-down-diff] n_tokens=1 k=8 embd=2048  max_diff=0.000000 @ tok=0 row=0  (integ=0.00000 ref=0.00000)  mean|integ|=0.0495 mean|ref|=0.0495
[lx-debug-moe-down-diff] n_tokens=1 k=8 embd=2048  max_diff=0.000000 @ tok=0 row=0  (integ=0.00000 ref=0.00000)  mean|integ|=0.0494 mean|ref|=0.0494
[lx-debug-moe-down-diff] n_tokens=1 k=8 embd=2048  max_diff=0.000000 @ tok=0 row=0  (integ=0.00000 ref=0.00000)  mean|integ|=0.0327 mean|ref|=0.0327
[lx-debug-moe-down-diff] n_tokens=1 k=8 embd=2048  max_diff=0.000000 @ tok=0 row=0  (integ=0.00000 ref=0.00000)  mean|integ|=0.0417 mean|ref|=0.0417
[lx-debug-moe-down-diff] n_tokens=1 k=8 embd=2048  max_diff=0.000000 @ tok=0 row=0  (integ=0.00000 ref=0.00000)  mean|integ|=0.0496 mean|ref|=0.0496
[lx-debug-moe-down-diff] n_tokens=1 k=8 embd=2048  max_diff=0.000000 @ tok=0 row=0  (integ=0.00000 ref=0.00000)  mean|integ|=0.0561 mean|ref|=0.0561
[lx-debug-moe-down-diff] n_tokens=1 k=8 embd=2048  max_diff=0.000000 @ tok=0 row=0  (integ=0.00000 ref=0.00000)  mean|integ|=0.0587 mean|ref|=0.0587
[lx-debug-moe-down-diff] n_tokens=1 k=8 embd=2048  max_diff=0.000000 @ tok=0 row=0  (integ=0.00000 ref=0.00000)  mean|integ|=0.0554 mean|ref|=0.0554
[lx-debug-moe-down-diff] n_tokens=1 k=8 embd=2048  max_diff=0.000000 @ tok=0 row=0  (integ=0.00000 ref=0.00000)  mean|integ|=0.0903 mean|ref|=0.0903
[lx-debug-moe-down-diff] n_tokens=1 k=8 embd=2048  max_diff=0.000000 @ tok=0 row=0  (integ=0.00000 ref=0.00000)  mean|integ|=0.0837 mean|ref|=0.0837
[lx-debug-moe-down-diff] n_tokens=1 k=8 embd=2048  max_diff=0.000000 @ tok=0 row=0  (integ=0.00000 ref=0.00000)  mean|integ|=0.1017 mean|ref|=0.1017
[lx-debug-moe-down-diff] n_tokens=1 k=8 embd=2048  max_diff=0.000000 @ tok=0 row=0  (integ=0.00000 ref=0.00000)  mean|integ|=0.1030 mean|ref|=0.1030
[lx-debug-moe-down-diff] n_tokens=1 k=8 embd=2048  max_diff=0.000000 @ tok=0 row=0  (integ=0.00000 ref=0.00000)  mean|integ|=0.0975 mean|ref|=0.0975
[lx-debug-moe-down-diff] n_tokens=1 k=8 embd=2048  max_diff=0.000000 @ tok=0 row=0  (integ=0.00000 ref=0.00000)  mean|integ|=0.1003 mean|ref|=0.1003
[lx-debug-moe-down-diff] n_tokens=1 k=8 embd=2048  max_diff=0.000000 @ tok=0 row=0  (integ=0.00000 ref=0.00000)  mean|integ|=0.0776 mean|ref|=0.0776
[lx-debug-moe-down-diff] n_tokens=1 k=8 embd=2048  max_diff=0.000000 @ tok=0 row=0  (integ=0.00000 ref=0.00000)  mean|integ|=0.1070 mean|ref|=0.1070
[lx-debug-moe-down-diff] n_tokens=1 k=8 embd=2048  max_diff=0.000000 @ tok=0 row=0  (integ=0.00000 ref=0.00000)  mean|integ|=0.1576 mean|ref|=0.1576
[lx-debug-moe-down-diff] n_tokens=1 k=8 embd=2048  max_diff=0.000000 @ tok=0 row=0  (integ=0.00000 ref=0.00000)  mean|integ|=0.1003 mean|ref|=0.1003
[lx-debug-moe-down-diff] n_tokens=1 k=8 embd=2048  max_diff=0.000000 @ tok=0 row=0  (integ=0.00000 ref=0.00000)  mean|integ|=0.1595 mean|ref|=0.1595
[lx-debug-moe-down-diff] n_tokens=1 k=8 embd=2048  max_diff=0.000000 @ tok=0 row=0  (integ=0.00000 ref=0.00000)  mean|integ|=0.1364 mean|ref|=0.1364
[lx-debug-moe-down-diff] n_tokens=1 k=8 embd=2048  max_diff=0.000000 @ tok=0 row=0  (integ=0.00000 ref=0.00000)  mean|integ|=0.1307 mean|ref|=0.1307
[lx-debug-moe-down-diff] n_tokens=1 k=8 embd=2048  max_diff=0.000000 @ tok=0 row=0  (integ=0.00000 ref=0.00000)  mean|integ|=0.1086 mean|ref|=0.1086
[lx-debug-moe-down-diff] n_tokens=1 k=8 embd=2048  max_diff=0.000000 @ tok=0 row=0  (integ=0.00000 ref=0.00000)  mean|integ|=0.1727 mean|ref|=0.1727
[lx-debug-moe-down-diff] n_tokens=1 k=8 embd=2048  max_diff=0.000000 @ tok=0 row=0  (integ=0.00000 ref=0.00000)  mean|integ|=0.1902 mean|ref|=0.1902
[lx-debug-moe-down-diff] n_tokens=1 k=8 embd=2048  max_diff=0.000000 @ tok=0 row=0  (integ=0.00000 ref=0.00000)  mean|integ|=0.0069 mean|ref|=0.0069
[lx-debug-moe-down-diff] n_tokens=1 k=8 embd=2048  max_diff=0.000000 @ tok=0 row=0  (integ=0.00000 ref=0.00000)  mean|integ|=0.0202 mean|ref|=0.0202
[lx-debug-moe-down-diff] n_tokens=1 k=8 embd=2048  max_diff=0.000000 @ tok=0 row=0  (integ=0.00000 ref=0.00000)  mean|integ|=0.0120 mean|ref|=0.0120
[lx-debug-moe-down-diff] n_tokens=1 k=8 embd=2048  max_diff=0.000000 @ tok=0 row=0  (integ=0.00000 ref=0.00000)  mean|integ|=0.0081 mean|ref|=0.0081
[lx-debug-moe-down-diff] n_tokens=1 k=8 embd=2048  max_diff=0.000000 @ tok=0 row=0  (integ=0.00000 ref=0.00000)  mean|integ|=0.0120 mean|ref|=0.0120
[lx-debug-moe-down-diff] n_tokens=1 k=8 embd=2048  max_diff=0.000000 @ tok=0 row=0  (integ=0.00000 ref=0.00000)  mean|integ|=0.0155 mean|ref|=0.0155
[lx-debug-moe-down-diff] n_tokens=1 k=8 embd=2048  max_diff=0.000000 @ tok=0 row=0  (integ=0.00000 ref=0.00000)  mean|integ|=0.0215 mean|ref|=0.0215
[lx-debug-moe-down-diff] n_tokens=1 k=8 embd=2048  max_diff=0.000000 @ tok=0 row=0  (integ=0.00000 ref=0.00000)  mean|integ|=0.0167 mean|ref|=0.0167
[lx-debug-moe-down-diff] n_tokens=1 k=8 embd=2048  max_diff=0.000000 @ tok=0 row=0  (integ=0.00000 ref=0.00000)  mean|integ|=0.0179 mean|ref|=0.0179
[lx-debug-moe-down-diff] n_tokens=1 k=8 embd=2048  max_diff=0.000000 @ tok=0 row=0  (integ=0.00000 ref=0.00000)  mean|integ|=0.0238 mean|ref|=0.0238
[lx-debug-moe-down-diff] n_tokens=1 k=8 embd=2048  max_diff=0.000000 @ tok=0 row=0  (integ=0.00000 ref=0.00000)  mean|integ|=0.0361 mean|ref|=0.0361
[lx-debug-moe-down-diff] n_tokens=1 k=8 embd=2048  max_diff=0.000000 @ tok=0 row=0  (integ=0.00000 ref=0.00000)  mean|integ|=0.0289 mean|ref|=0.0289
[lx-debug-moe-down-diff] n_tokens=1 k=8 embd=2048  max_diff=0.000000 @ tok=0 row=0  (integ=0.00000 ref=0.00000)  mean|integ|=0.0282 mean|ref|=0.0282
[lx-debug-moe-down-diff] n_tokens=1 k=8 embd=2048  max_diff=0.000000 @ tok=0 row=0  (integ=0.00000 ref=0.00000)  mean|integ|=0.0338 mean|ref|=0.0338
[lx-debug-moe-down-diff] n_tokens=1 k=8 embd=2048  max_diff=0.000000 @ tok=0 row=0  (integ=0.00000 ref=0.00000)  mean|integ|=0.0256 mean|ref|=0.0256
[lx-debug-moe-down-diff] n_tokens=1 k=8 embd=2048  max_diff=0.000000 @ tok=0 row=0  (integ=0.00000 ref=0.00000)  mean|integ|=0.0296 mean|ref|=0.0296
[lx-debug-moe-down-diff] n_tokens=1 k=8 embd=2048  max_diff=0.000000 @ tok=0 row=0  (integ=0.00000 ref=0.00000)  mean|integ|=0.0345 mean|ref|=0.0345
[lx-debug-moe-down-diff] n_tokens=1 k=8 embd=2048  max_diff=0.000000 @ tok=0 row=0  (integ=0.00000 ref=0.00000)  mean|integ|=0.0376 mean|ref|=0.0376
[lx-debug-moe-down-diff] n_tokens=1 k=8 embd=2048  max_diff=0.000000 @ tok=0 row=0  (integ=0.00000 ref=0.00000)  mean|integ|=0.0432 mean|ref|=0.0432
[lx-debug-moe-down-diff] n_tokens=1 k=8 embd=2048  max_diff=0.000000 @ tok=0 row=0  (integ=0.00000 ref=0.00000)  mean|integ|=0.0348 mean|ref|=0.0348
[lx-debug-moe-down-diff] n_tokens=1 k=8 embd=2048  max_diff=0.000000 @ tok=0 row=0  (integ=0.00000 ref=0.00000)  mean|integ|=0.0287 mean|ref|=0.0287
[lx-debug-moe-down-diff] n_tokens=1 k=8 embd=2048  max_diff=0.000000 @ tok=0 row=0  (integ=0.00000 ref=0.00000)  mean|integ|=0.0454 mean|ref|=0.0454
[lx-debug-moe-down-diff] n_tokens=1 k=8 embd=2048  max_diff=0.000000 @ tok=0 row=0  (integ=0.00000 ref=0.00000)  mean|integ|=0.0702 mean|ref|=0.0702
[lx-debug-moe-down-diff] n_tokens=1 k=8 embd=2048  max_diff=0.000000 @ tok=0 row=0  (integ=0.00000 ref=0.00000)  mean|integ|=0.0568 mean|ref|=0.0568
[lx-debug-moe-down-diff] n_tokens=1 k=8 embd=2048  max_diff=0.000000 @ tok=0 row=0  (integ=0.00000 ref=0.00000)  mean|integ|=0.0922 mean|ref|=0.0922
[lx-debug-moe-down-diff] n_tokens=1 k=8 embd=2048  max_diff=0.000000 @ tok=0 row=0  (integ=0.00000 ref=0.00000)  mean|integ|=0.0731 mean|ref|=0.0731
[lx-debug-moe-down-diff] n_tokens=1 k=8 embd=2048  max_diff=0.000000 @ tok=0 row=0  (integ=0.00000 ref=0.00000)  mean|integ|=0.1606 mean|ref|=0.1606
[lx-debug-moe-down-diff] n_tokens=1 k=8 embd=2048  max_diff=0.000000 @ tok=0 row=0  (integ=0.00000 ref=0.00000)  mean|integ|=0.1111 mean|ref|=0.1111
[lx-debug-moe-down-diff] n_tokens=1 k=8 embd=2048  max_diff=0.000000 @ tok=0 row=0  (integ=0.00000 ref=0.00000)  mean|integ|=0.0767 mean|ref|=0.0767
[lx-debug-moe-down-diff] n_tokens=1 k=8 embd=2048  max_diff=0.000000 @ tok=0 row=0  (integ=0.00000 ref=0.00000)  mean|integ|=0.0939 mean|ref|=0.0939
[lx-debug-moe-down-diff] n_tokens=1 k=8 embd=2048  max_diff=0.000000 @ tok=0 row=0  (integ=0.00000 ref=0.00000)  mean|integ|=0.1266 mean|ref|=0.1266
[lx-debug-moe-down-diff] n_tokens=1 k=8 embd=2048  max_diff=0.000000 @ tok=0 row=0  (integ=0.00000 ref=0.00000)  mean|integ|=0.1470 mean|ref|=0.1470
[lx-debug-moe-down-diff] n_tokens=1 k=8 embd=2048  max_diff=0.000000 @ tok=0 row=0  (integ=0.00000 ref=0.00000)  mean|integ|=0.2729 mean|ref|=0.2729
[lx-debug-moe-down-diff] n_tokens=1 k=8 embd=2048  max_diff=0.000000 @ tok=0 row=0  (integ=0.00000 ref=0.00000)  mean|integ|=0.1139 mean|ref|=0.1139
[lx-debug-moe-down-diff] n_tokens=1 k=8 embd=2048  max_diff=0.000000 @ tok=0 row=0  (integ=0.00000 ref=0.00000)  mean|integ|=0.0917 mean|ref|=0.0917
[lx-debug-moe-down-diff] n_tokens=1 k=8 embd=2048  max_diff=0.000000 @ tok=0 row=0  (integ=0.00000 ref=0.00000)  mean|integ|=0.0728 mean|ref|=0.0728
[lx-debug-moe-down-diff] n_tokens=1 k=8 embd=2048  max_diff=0.000000 @ tok=0 row=0  (integ=0.00000 ref=0.00000)  mean|integ|=0.1337 mean|ref|=0.1337
[lx-debug-moe-down-diff] n_tokens=1 k=8 embd=2048  max_diff=0.000000 @ tok=0 row=0  (integ=0.00000 ref=0.00000)  mean|integ|=0.1321 mean|ref|=0.1321
[lx-debug-moe-down-diff] n_tokens=1 k=8 embd=2048  max_diff=0.000000 @ tok=0 row=0  (integ=0.00000 ref=0.00000)  mean|integ|=0.0193 mean|ref|=0.0193
[lx-debug-moe-down-diff] n_tokens=1 k=8 embd=2048  max_diff=0.000000 @ tok=0 row=0  (integ=0.00000 ref=0.00000)  mean|integ|=0.0313 mean|ref|=0.0313
[lx-debug-moe-down-diff] n_tokens=1 k=8 embd=2048  max_diff=0.000000 @ tok=0 row=0  (integ=0.00000 ref=0.00000)  mean|integ|=0.0151 mean|ref|=0.0151
[lx-debug-moe-down-diff] n_tokens=1 k=8 embd=2048  max_diff=0.000000 @ tok=0 row=0  (integ=0.00000 ref=0.00000)  mean|integ|=0.0125 mean|ref|=0.0125
[lx-debug-moe-down-diff] n_tokens=1 k=8 embd=2048  max_diff=0.000000 @ tok=0 row=0  (integ=0.00000 ref=0.00000)  mean|integ|=0.0149 mean|ref|=0.0149
[lx-debug-moe-down-diff] n_tokens=1 k=8 embd=2048  max_diff=0.000000 @ tok=0 row=0  (integ=0.00000 ref=0.00000)  mean|integ|=0.0219 mean|ref|=0.0219
[lx-debug-moe-down-diff] n_tokens=1 k=8 embd=2048  max_diff=0.000000 @ tok=0 row=0  (integ=0.00000 ref=0.00000)  mean|integ|=0.0311 mean|ref|=0.0311
[lx-debug-moe-down-diff] n_tokens=1 k=8 embd=2048  max_diff=0.000000 @ tok=0 row=0  (integ=0.00000 ref=0.00000)  mean|integ|=0.0231 mean|ref|=0.0231
[lx-debug-moe-down-diff] n_tokens=1 k=8 embd=2048  max_diff=0.000000 @ tok=0 row=0  (integ=0.00000 ref=0.00000)  mean|integ|=0.0164 mean|ref|=0.0164
[lx-debug-moe-down-diff] n_tokens=1 k=8 embd=2048  max_diff=0.000000 @ tok=0 row=0  (integ=0.00000 ref=0.00000)  mean|integ|=0.0307 mean|ref|=0.0307
[lx-debug-moe-down-diff] n_tokens=1 k=8 embd=2048  max_diff=0.000000 @ tok=0 row=0  (integ=0.00000 ref=0.00000)  mean|integ|=0.0312 mean|ref|=0.0312
[lx-debug-moe-down-diff] n_tokens=1 k=8 embd=2048  max_diff=0.000000 @ tok=0 row=0  (integ=0.00000 ref=0.00000)  mean|integ|=0.0294 mean|ref|=0.0294
[lx-debug-moe-down-diff] n_tokens=1 k=8 embd=2048  max_diff=0.000000 @ tok=0 row=0  (integ=0.00000 ref=0.00000)  mean|integ|=0.0281 mean|ref|=0.0281
[lx-debug-moe-down-diff] n_tokens=1 k=8 embd=2048  max_diff=0.000000 @ tok=0 row=0  (integ=0.00000 ref=0.00000)  mean|integ|=0.0336 mean|ref|=0.0336
[lx-debug-moe-down-diff] n_tokens=1 k=8 embd=2048  max_diff=0.000000 @ tok=0 row=0  (integ=0.00000 ref=0.00000)  mean|integ|=0.0312 mean|ref|=0.0312
[lx-debug-moe-down-diff] n_tokens=1 k=8 embd=2048  max_diff=0.000000 @ tok=0 row=0  (integ=0.00000 ref=0.00000)  mean|integ|=0.0292 mean|ref|=0.0292
[lx-debug-moe-down-diff] n_tokens=1 k=8 embd=2048  max_diff=0.000000 @ tok=0 row=0  (integ=0.00000 ref=0.00000)  mean|integ|=0.0360 mean|ref|=0.0360
[lx-debug-moe-down-diff] n_tokens=1 k=8 embd=2048  max_diff=0.000000 @ tok=0 row=0  (integ=0.00000 ref=0.00000)  mean|integ|=0.0326 mean|ref|=0.0326
[lx-debug-moe-down-diff] n_tokens=1 k=8 embd=2048  max_diff=0.000000 @ tok=0 row=0  (integ=0.00000 ref=0.00000)  mean|integ|=0.0379 mean|ref|=0.0379
[lx-debug-moe-down-diff] n_tokens=1 k=8 embd=2048  max_diff=0.000000 @ tok=0 row=0  (integ=0.00000 ref=0.00000)  mean|integ|=0.0380 mean|ref|=0.0380
[lx-debug-moe-down-diff] n_tokens=1 k=8 embd=2048  max_diff=0.000000 @ tok=0 row=0  (integ=0.00000 ref=0.00000)  mean|integ|=0.0547 mean|ref|=0.0547
[lx-debug-moe-down-diff] n_tokens=1 k=8 embd=2048  max_diff=0.000000 @ tok=0 row=0  (integ=0.00000 ref=0.00000)  mean|integ|=0.0482 mean|ref|=0.0482
[lx-debug-moe-down-diff] n_tokens=1 k=8 embd=2048  max_diff=0.000000 @ tok=0 row=0  (integ=0.00000 ref=0.00000)  mean|integ|=0.1064 mean|ref|=0.1064
[lx-debug-moe-down-diff] n_tokens=1 k=8 embd=2048  max_diff=0.000000 @ tok=0 row=0  (integ=0.00000 ref=0.00000)  mean|integ|=0.0750 mean|ref|=0.0750
[lx-debug-moe-down-diff] n_tokens=1 k=8 embd=2048  max_diff=0.000000 @ tok=0 row=0  (integ=0.00000 ref=0.00000)  mean|integ|=0.0706 mean|ref|=0.0706
[lx-debug-moe-down-diff] n_tokens=1 k=8 embd=2048  max_diff=0.000000 @ tok=0 row=0  (integ=0.00000 ref=0.00000)  mean|integ|=0.0680 mean|ref|=0.0680
[lx-debug-moe-down-diff] n_tokens=1 k=8 embd=2048  max_diff=0.000000 @ tok=0 row=0  (integ=0.00000 ref=0.00000)  mean|integ|=0.0858 mean|ref|=0.0858
[lx-debug-moe-down-diff] n_tokens=1 k=8 embd=2048  max_diff=0.000000 @ tok=0 row=0  (integ=0.00000 ref=0.00000)  mean|integ|=0.1171 mean|ref|=0.1171
[lx-debug-moe-down-diff] n_tokens=1 k=8 embd=2048  max_diff=0.000000 @ tok=0 row=0  (integ=0.00000 ref=0.00000)  mean|integ|=0.0602 mean|ref|=0.0602
[lx-debug-moe-down-diff] n_tokens=1 k=8 embd=2048  max_diff=0.000000 @ tok=0 row=0  (integ=0.00000 ref=0.00000)  mean|integ|=0.0720 mean|ref|=0.0720
[lx-debug-moe-down-diff] n_tokens=1 k=8 embd=2048  max_diff=0.000000 @ tok=0 row=0  (integ=0.00000 ref=0.00000)  mean|integ|=0.0826 mean|ref|=0.0826
[lx-debug-moe-down-diff] n_tokens=1 k=8 embd=2048  max_diff=0.000000 @ tok=0 row=0  (integ=0.00000 ref=0.00000)  mean|integ|=0.0892 mean|ref|=0.0892
[lx-debug-moe-down-diff] n_tokens=1 k=8 embd=2048  max_diff=0.000000 @ tok=0 row=0  (integ=0.00000 ref=0.00000)  mean|integ|=0.2051 mean|ref|=0.2051
[lx-debug-moe-down-diff] n_tokens=1 k=8 embd=2048  max_diff=0.000000 @ tok=0 row=0  (integ=0.00000 ref=0.00000)  mean|integ|=0.1602 mean|ref|=0.1602
[lx-debug-moe-down-diff] n_tokens=1 k=8 embd=2048  max_diff=0.000000 @ tok=0 row=0  (integ=0.00000 ref=0.00000)  mean|integ|=0.2044 mean|ref|=0.2044
[lx-debug-moe-down-diff] n_tokens=1 k=8 embd=2048  max_diff=0.000000 @ tok=0 row=0  (integ=0.00000 ref=0.00000)  mean|integ|=0.1196 mean|ref|=0.1196
[lx-debug-moe-down-diff] n_tokens=1 k=8 embd=2048  max_diff=0.000000 @ tok=0 row=0  (integ=0.00000 ref=0.00000)  mean|integ|=0.1173 mean|ref|=0.1173
[lx-debug-moe-down-diff] n_tokens=1 k=8 embd=2048  max_diff=0.000000 @ tok=0 row=0  (integ=0.00000 ref=0.00000)  mean|integ|=0.1102 mean|ref|=0.1102
[lx-debug-moe-down-diff] n_tokens=1 k=8 embd=2048  max_diff=0.000000 @ tok=0 row=0  (integ=0.00000 ref=0.00000)  mean|integ|=0.0045 mean|ref|=0.0045
[lx-debug-moe-down-diff] n_tokens=1 k=8 embd=2048  max_diff=0.000000 @ tok=0 row=0  (integ=0.00000 ref=0.00000)  mean|integ|=0.0118 mean|ref|=0.0118
[lx-debug-moe-down-diff] n_tokens=1 k=8 embd=2048  max_diff=0.000000 @ tok=0 row=0  (integ=0.00000 ref=0.00000)  mean|integ|=0.0049 mean|ref|=0.0049
[lx-debug-moe-down-diff] n_tokens=1 k=8 embd=2048  max_diff=0.000000 @ tok=0 row=0  (integ=0.00000 ref=0.00000)  mean|integ|=0.0067 mean|ref|=0.0067
[lx-debug-moe-down-diff] n_tokens=1 k=8 embd=2048  max_diff=0.000000 @ tok=0 row=0  (integ=0.00000 ref=0.00000)  mean|integ|=0.0083 mean|ref|=0.0083
[lx-debug-moe-down-diff] n_tokens=1 k=8 embd=2048  max_diff=0.000000 @ tok=0 row=0  (integ=0.00000 ref=0.00000)  mean|integ|=0.0120 mean|ref|=0.0120
[lx-debug-moe-down-diff] n_tokens=1 k=8 embd=2048  max_diff=0.000000 @ tok=0 row=0  (integ=0.00000 ref=0.00000)  mean|integ|=0.0142 mean|ref|=0.0142
[lx-debug-moe-down-diff] n_tokens=1 k=8 embd=2048  max_diff=0.000000 @ tok=0 row=0  (integ=0.00000 ref=0.00000)  mean|integ|=0.0169 mean|ref|=0.0169
[lx-debug-moe-down-diff] n_tokens=1 k=8 embd=2048  max_diff=0.000000 @ tok=0 row=0  (integ=0.00000 ref=0.00000)  mean|integ|=0.0123 mean|ref|=0.0123
[lx-debug-moe-down-diff] n_tokens=1 k=8 embd=2048  max_diff=0.000000 @ tok=0 row=0  (integ=0.00000 ref=0.00000)  mean|integ|=0.0160 mean|ref|=0.0160
[lx-debug-moe-down-diff] n_tokens=1 k=8 embd=2048  max_diff=0.000000 @ tok=0 row=0  (integ=0.00000 ref=0.00000)  mean|integ|=0.0283 mean|ref|=0.0283
[lx-debug-moe-down-diff] n_tokens=1 k=8 embd=2048  max_diff=0.000000 @ tok=0 row=0  (integ=0.00000 ref=0.00000)  mean|integ|=0.0241 mean|ref|=0.0241
[lx-debug-moe-down-diff] n_tokens=1 k=8 embd=2048  max_diff=0.000000 @ tok=0 row=0  (integ=0.00000 ref=0.00000)  mean|integ|=0.0232 mean|ref|=0.0232
[lx-debug-moe-down-diff] n_tokens=1 k=8 embd=2048  max_diff=0.000000 @ tok=0 row=0  (integ=0.00000 ref=0.00000)  mean|integ|=0.0271 mean|ref|=0.0271
[lx-debug-moe-down-diff] n_tokens=1 k=8 embd=2048  max_diff=0.000000 @ tok=0 row=0  (integ=0.00000 ref=0.00000)  mean|integ|=0.0293 mean|ref|=0.0293
[lx-debug-moe-down-diff] n_tokens=1 k=8 embd=2048  max_diff=0.000000 @ tok=0 row=0  (integ=0.00000 ref=0.00000)  mean|integ|=0.0333 mean|ref|=0.0333
[lx-debug-moe-down-diff] n_tokens=1 k=8 embd=2048  max_diff=0.000000 @ tok=0 row=0  (integ=0.00000 ref=0.00000)  mean|integ|=0.0320 mean|ref|=0.0320
[lx-debug-moe-down-diff] n_tokens=1 k=8 embd=2048  max_diff=0.000000 @ tok=0 row=0  (integ=0.00000 ref=0.00000)  mean|integ|=0.0445 mean|ref|=0.0445
[lx-debug-moe-down-diff] n_tokens=1 k=8 embd=2048  max_diff=0.000000 @ tok=0 row=0  (integ=0.00000 ref=0.00000)  mean|integ|=0.0404 mean|ref|=0.0404
[lx-debug-moe-down-diff] n_tokens=1 k=8 embd=2048  max_diff=0.000000 @ tok=0 row=0  (integ=0.00000 ref=0.00000)  mean|integ|=0.0534 mean|ref|=0.0534
[lx-debug-moe-down-diff] n_tokens=1 k=8 embd=2048  max_diff=0.000000 @ tok=0 row=0  (integ=0.00000 ref=0.00000)  mean|integ|=0.0475 mean|ref|=0.0475
[lx-debug-moe-down-diff] n_tokens=1 k=8 embd=2048  max_diff=0.000000 @ tok=0 row=0  (integ=0.00000 ref=0.00000)  mean|integ|=0.0593 mean|ref|=0.0593
[lx-debug-moe-down-diff] n_tokens=1 k=8 embd=2048  max_diff=0.000000 @ tok=0 row=0  (integ=0.00000 ref=0.00000)  mean|integ|=0.0813 mean|ref|=0.0813
[lx-debug-moe-down-diff] n_tokens=1 k=8 embd=2048  max_diff=0.000000 @ tok=0 row=0  (integ=0.00000 ref=0.00000)  mean|integ|=0.0737 mean|ref|=0.0737
[lx-debug-moe-down-diff] n_tokens=1 k=8 embd=2048  max_diff=0.000000 @ tok=0 row=0  (integ=0.00000 ref=0.00000)  mean|integ|=0.0805 mean|ref|=0.0805
[lx-debug-moe-down-diff] n_tokens=1 k=8 embd=2048  max_diff=0.000000 @ tok=0 row=0  (integ=0.00000 ref=0.00000)  mean|integ|=0.0908 mean|ref|=0.0908
[lx-debug-moe-down-diff] n_tokens=1 k=8 embd=2048  max_diff=0.000000 @ tok=0 row=0  (integ=0.00000 ref=0.00000)  mean|integ|=0.0866 mean|ref|=0.0866
[lx-debug-moe-down-diff] n_tokens=1 k=8 embd=2048  max_diff=0.000000 @ tok=0 row=0  (integ=0.00000 ref=0.00000)  mean|integ|=0.0835 mean|ref|=0.0835
[lx-debug-moe-down-diff] n_tokens=1 k=8 embd=2048  max_diff=0.000000 @ tok=0 row=0  (integ=0.00000 ref=0.00000)  mean|integ|=0.0994 mean|ref|=0.0994
[lx-debug-moe-down-diff] n_tokens=1 k=8 embd=2048  max_diff=0.000000 @ tok=0 row=0  (integ=0.00000 ref=0.00000)  mean|integ|=0.1230 mean|ref|=0.1230
[lx-debug-moe-down-diff] n_tokens=1 k=8 embd=2048  max_diff=0.000000 @ tok=0 row=0  (integ=0.00000 ref=0.00000)  mean|integ|=0.0600 mean|ref|=0.0600
[lx-debug-moe-down-diff] n_tokens=1 k=8 embd=2048  max_diff=0.000000 @ tok=0 row=0  (integ=0.00000 ref=0.00000)  mean|integ|=0.1578 mean|ref|=0.1578
[lx-debug-moe-down-diff] n_tokens=1 k=8 embd=2048  max_diff=0.000000 @ tok=0 row=0  (integ=0.00000 ref=0.00000)  mean|integ|=0.0841 mean|ref|=0.0841
[lx-debug-moe-down-diff] n_tokens=1 k=8 embd=2048  max_diff=0.000000 @ tok=0 row=0  (integ=0.00000 ref=0.00000)  mean|integ|=0.1264 mean|ref|=0.1264
[lx-debug-moe-down-diff] n_tokens=1 k=8 embd=2048  max_diff=0.000000 @ tok=0 row=0  (integ=0.00000 ref=0.00000)  mean|integ|=0.1261 mean|ref|=0.1261
[lx-debug-moe-down-diff] n_tokens=1 k=8 embd=2048  max_diff=0.000000 @ tok=0 row=0  (integ=0.00000 ref=0.00000)  mean|integ|=0.1268 mean|ref|=0.1268
[lx-debug-moe-down-diff] n_tokens=1 k=8 embd=2048  max_diff=0.000000 @ tok=0 row=0  (integ=0.00000 ref=0.00000)  mean|integ|=0.1065 mean|ref|=0.1065
[lx-debug-moe-down-diff] n_tokens=1 k=8 embd=2048  max_diff=0.000000 @ tok=0 row=0  (integ=0.00000 ref=0.00000)  mean|integ|=0.1074 mean|ref|=0.1074
[lx-debug-moe-down-diff] n_tokens=1 k=8 embd=2048  max_diff=0.000000 @ tok=0 row=0  (integ=0.00000 ref=0.00000)  mean|integ|=0.0159 mean|ref|=0.0159
[lx-debug-moe-down-diff] n_tokens=1 k=8 embd=2048  max_diff=0.000000 @ tok=0 row=0  (integ=0.00000 ref=0.00000)  mean|integ|=0.0266 mean|ref|=0.0266
[lx-debug-moe-down-diff] n_tokens=1 k=8 embd=2048  max_diff=0.000000 @ tok=0 row=0  (integ=0.00000 ref=0.00000)  mean|integ|=0.0080 mean|ref|=0.0080
[lx-debug-moe-down-diff] n_tokens=1 k=8 embd=2048  max_diff=0.000000 @ tok=0 row=0  (integ=0.00000 ref=0.00000)  mean|integ|=0.0142 mean|ref|=0.0142
[lx-debug-moe-down-diff] n_tokens=1 k=8 embd=2048  max_diff=0.000000 @ tok=0 row=0  (integ=0.00000 ref=0.00000)  mean|integ|=0.0062 mean|ref|=0.0062
[lx-debug-moe-down-diff] n_tokens=1 k=8 embd=2048  max_diff=0.000000 @ tok=0 row=0  (integ=0.00000 ref=0.00000)  mean|integ|=0.0245 mean|ref|=0.0245
[lx-debug-moe-down-diff] n_tokens=1 k=8 embd=2048  max_diff=0.000000 @ tok=0 row=0  (integ=0.00000 ref=0.00000)  mean|integ|=0.0235 mean|ref|=0.0235
[lx-debug-moe-down-diff] n_tokens=1 k=8 embd=2048  max_diff=0.000000 @ tok=0 row=0  (integ=0.00000 ref=0.00000)  mean|integ|=0.0248 mean|ref|=0.0248
[lx-debug-moe-down-diff] n_tokens=1 k=8 embd=2048  max_diff=0.000000 @ tok=0 row=0  (integ=0.00000 ref=0.00000)  mean|integ|=0.0165 mean|ref|=0.0165
[lx-debug-moe-down-diff] n_tokens=1 k=8 embd=2048  max_diff=0.000000 @ tok=0 row=0  (integ=0.00000 ref=0.00000)  mean|integ|=0.0198 mean|ref|=0.0198
[lx-debug-moe-down-diff] n_tokens=1 k=8 embd=2048  max_diff=0.000000 @ tok=0 row=0  (integ=0.00000 ref=0.00000)  mean|integ|=0.0262 mean|ref|=0.0262
[lx-debug-moe-down-diff] n_tokens=1 k=8 embd=2048  max_diff=0.000000 @ tok=0 row=0  (integ=0.00000 ref=0.00000)  mean|integ|=0.0283 mean|ref|=0.0283
[lx-debug-moe-down-diff] n_tokens=1 k=8 embd=2048  max_diff=0.000000 @ tok=0 row=0  (integ=0.00000 ref=0.00000)  mean|integ|=0.0305 mean|ref|=0.0305
[lx-debug-moe-down-diff] n_tokens=1 k=8 embd=2048  max_diff=0.000000 @ tok=0 row=0  (integ=0.00000 ref=0.00000)  mean|integ|=0.0285 mean|ref|=0.0285
[lx-debug-moe-down-diff] n_tokens=1 k=8 embd=2048  max_diff=0.000000 @ tok=0 row=0  (integ=0.00000 ref=0.00000)  mean|integ|=0.0312 mean|ref|=0.0312
[lx-debug-moe-down-diff] n_tokens=1 k=8 embd=2048  max_diff=0.000000 @ tok=0 row=0  (integ=0.00000 ref=0.00000)  mean|integ|=0.0373 mean|ref|=0.0373
[lx-debug-moe-down-diff] n_tokens=1 k=8 embd=2048  max_diff=0.000000 @ tok=0 row=0  (integ=0.00000 ref=0.00000)  mean|integ|=0.0332 mean|ref|=0.0332
[lx-debug-moe-down-diff] n_tokens=1 k=8 embd=2048  max_diff=0.000000 @ tok=0 row=0  (integ=0.00000 ref=0.00000)  mean|integ|=0.0416 mean|ref|=0.0416
[lx-debug-moe-down-diff] n_tokens=1 k=8 embd=2048  max_diff=0.000000 @ tok=0 row=0  (integ=0.00000 ref=0.00000)  mean|integ|=0.0439 mean|ref|=0.0439
[lx-debug-moe-down-diff] n_tokens=1 k=8 embd=2048  max_diff=0.000000 @ tok=0 row=0  (integ=0.00000 ref=0.00000)  mean|integ|=0.0742 mean|ref|=0.0742
[lx-debug-moe-down-diff] n_tokens=1 k=8 embd=2048  max_diff=0.000000 @ tok=0 row=0  (integ=0.00000 ref=0.00000)  mean|integ|=0.0423 mean|ref|=0.0423
[lx-debug-moe-down-diff] n_tokens=1 k=8 embd=2048  max_diff=0.000000 @ tok=0 row=0  (integ=0.00000 ref=0.00000)  mean|integ|=0.0623 mean|ref|=0.0623
[lx-debug-moe-down-diff] n_tokens=1 k=8 embd=2048  max_diff=0.000000 @ tok=0 row=0  (integ=0.00000 ref=0.00000)  mean|integ|=0.0563 mean|ref|=0.0563
[lx-debug-moe-down-diff] n_tokens=1 k=8 embd=2048  max_diff=0.000000 @ tok=0 row=0  (integ=0.00000 ref=0.00000)  mean|integ|=0.0682 mean|ref|=0.0682
[lx-debug-moe-down-diff] n_tokens=1 k=8 embd=2048  max_diff=0.000000 @ tok=0 row=0  (integ=0.00000 ref=0.00000)  mean|integ|=0.1216 mean|ref|=0.1216
[lx-debug-moe-down-diff] n_tokens=1 k=8 embd=2048  max_diff=0.000000 @ tok=0 row=0  (integ=0.00000 ref=0.00000)  mean|integ|=0.0764 mean|ref|=0.0764
[lx-debug-moe-down-diff] n_tokens=1 k=8 embd=2048  max_diff=0.000000 @ tok=0 row=0  (integ=0.00000 ref=0.00000)  mean|integ|=0.0787 mean|ref|=0.0787
[lx-debug-moe-down-diff] n_tokens=1 k=8 embd=2048  max_diff=0.000000 @ tok=0 row=0  (integ=0.00000 ref=0.00000)  mean|integ|=0.0723 mean|ref|=0.0723
[lx-debug-moe-down-diff] n_tokens=1 k=8 embd=2048  max_diff=0.000000 @ tok=0 row=0  (integ=0.00000 ref=0.00000)  mean|integ|=0.1178 mean|ref|=0.1178
[lx-debug-moe-down-diff] n_tokens=1 k=8 embd=2048  max_diff=0.000000 @ tok=0 row=0  (integ=0.00000 ref=0.00000)  mean|integ|=0.0772 mean|ref|=0.0772
[lx-debug-moe-down-diff] n_tokens=1 k=8 embd=2048  max_diff=0.000000 @ tok=0 row=0  (integ=0.00000 ref=0.00000)  mean|integ|=0.1572 mean|ref|=0.1572
[lx-debug-moe-down-diff] n_tokens=1 k=8 embd=2048  max_diff=0.000000 @ tok=0 row=0  (integ=0.00000 ref=0.00000)  mean|integ|=0.1609 mean|ref|=0.1609
[lx-debug-moe-down-diff] n_tokens=1 k=8 embd=2048  max_diff=0.000000 @ tok=0 row=0  (integ=0.00000 ref=0.00000)  mean|integ|=0.1846 mean|ref|=0.1846
[lx-debug-moe-down-diff] n_tokens=1 k=8 embd=2048  max_diff=0.000000 @ tok=0 row=0  (integ=0.00000 ref=0.00000)  mean|integ|=0.0973 mean|ref|=0.0973
[lx-debug-moe-down-diff] n_tokens=1 k=8 embd=2048  max_diff=0.000000 @ tok=0 row=0  (integ=0.00000 ref=0.00000)  mean|integ|=0.0900 mean|ref|=0.0900
[lx-debug-moe-down-diff] n_tokens=1 k=8 embd=2048  max_diff=0.000000 @ tok=0 row=0  (integ=0.00000 ref=0.00000)  mean|integ|=0.0830 mean|ref|=0.0830
[lx-debug-moe-down-diff] n_tokens=1 k=8 embd=2048  max_diff=0.000000 @ tok=0 row=0  (integ=0.00000 ref=0.00000)  mean|integ|=0.1495 mean|ref|=0.1495
[lx-debug-moe-down-diff] n_tokens=1 k=8 embd=2048  max_diff=0.000000 @ tok=0 row=0  (integ=0.00000 ref=0.00000)  mean|integ|=0.1539 mean|ref|=0.1539
[lx-debug-moe-down-diff] n_tokens=1 k=8 embd=2048  max_diff=0.000000 @ tok=0 row=0  (integ=0.00000 ref=0.00000)  mean|integ|=0.0060 mean|ref|=0.0060
[lx-debug-moe-down-diff] n_tokens=1 k=8 embd=2048  max_diff=0.000000 @ tok=0 row=0  (integ=0.00000 ref=0.00000)  mean|integ|=0.0043 mean|ref|=0.0043
[lx-debug-moe-down-diff] n_tokens=1 k=8 embd=2048  max_diff=0.000000 @ tok=0 row=0  (integ=0.00000 ref=0.00000)  mean|integ|=0.0064 mean|ref|=0.0064
[lx-debug-moe-down-diff] n_tokens=1 k=8 embd=2048  max_diff=0.000000 @ tok=0 row=0  (integ=0.00000 ref=0.00000)  mean|integ|=0.0087 mean|ref|=0.0087
[lx-debug-moe-down-diff] n_tokens=1 k=8 embd=2048  max_diff=0.000000 @ tok=0 row=0  (integ=0.00000 ref=0.00000)  mean|integ|=0.0047 mean|ref|=0.0047
[lx-debug-moe-down-diff] n_tokens=1 k=8 embd=2048  max_diff=0.000000 @ tok=0 row=0  (integ=0.00000 ref=0.00000)  mean|integ|=0.0082 mean|ref|=0.0082
[lx-debug-moe-down-diff] n_tokens=1 k=8 embd=2048  max_diff=0.000000 @ tok=0 row=0  (integ=0.00000 ref=0.00000)  mean|integ|=0.0077 mean|ref|=0.0077
[lx-debug-moe-down-diff] n_tokens=1 k=8 embd=2048  max_diff=0.000000 @ tok=0 row=0  (integ=0.00000 ref=0.00000)  mean|integ|=0.0112 mean|ref|=0.0112
[lx-debug-moe-down-diff] n_tokens=1 k=8 embd=2048  max_diff=0.000000 @ tok=0 row=0  (integ=0.00000 ref=0.00000)  mean|integ|=0.0134 mean|ref|=0.0134
[lx-debug-moe-down-diff] n_tokens=1 k=8 embd=2048  max_diff=0.000000 @ tok=0 row=0  (integ=0.00000 ref=0.00000)  mean|integ|=0.0167 mean|ref|=0.0167
[lx-debug-moe-down-diff] n_tokens=1 k=8 embd=2048  max_diff=0.000000 @ tok=0 row=0  (integ=0.00000 ref=0.00000)  mean|integ|=0.0164 mean|ref|=0.0164
[lx-debug-moe-down-diff] n_tokens=1 k=8 embd=2048  max_diff=0.000000 @ tok=0 row=0  (integ=0.00000 ref=0.00000)  mean|integ|=0.0246 mean|ref|=0.0246
[lx-debug-moe-down-diff] n_tokens=1 k=8 embd=2048  max_diff=0.000000 @ tok=0 row=0  (integ=0.00000 ref=0.00000)  mean|integ|=0.0162 mean|ref|=0.0162
[lx-debug-moe-down-diff] n_tokens=1 k=8 embd=2048  max_diff=0.000000 @ tok=0 row=0  (integ=0.00000 ref=0.00000)  mean|integ|=0.0405 mean|ref|=0.0405
[lx-debug-moe-down-diff] n_tokens=1 k=8 embd=2048  max_diff=0.000000 @ tok=0 row=0  (integ=0.00000 ref=0.00000)  mean|integ|=0.0441 mean|ref|=0.0441
[lx-debug-moe-down-diff] n_tokens=1 k=8 embd=2048  max_diff=0.000000 @ tok=0 row=0  (integ=0.00000 ref=0.00000)  mean|integ|=0.0343 mean|ref|=0.0343
[lx-debug-moe-down-diff] n_tokens=1 k=8 embd=2048  max_diff=0.000000 @ tok=0 row=0  (integ=0.00000 ref=0.00000)  mean|integ|=0.0542 mean|ref|=0.0542
[lx-debug-moe-down-diff] n_tokens=1 k=8 embd=2048  max_diff=0.000000 @ tok=0 row=0  (integ=0.00000 ref=0.00000)  mean|integ|=0.0599 mean|ref|=0.0599
[lx-debug-moe-down-diff] n_tokens=1 k=8 embd=2048  max_diff=0.000000 @ tok=0 row=0  (integ=0.00000 ref=0.00000)  mean|integ|=0.0454 mean|ref|=0.0454
[lx-debug-moe-down-diff] n_tokens=1 k=8 embd=2048  max_diff=0.000000 @ tok=0 row=0  (integ=0.00000 ref=0.00000)  mean|integ|=0.0601 mean|ref|=0.0601
[lx-debug-moe-down-diff] n_tokens=1 k=8 embd=2048  max_diff=0.000000 @ tok=0 row=0  (integ=0.00000 ref=0.00000)  mean|integ|=0.0531 mean|ref|=0.0531
[lx-debug-moe-down-diff] n_tokens=1 k=8 embd=2048  max_diff=0.000000 @ tok=0 row=0  (integ=0.00000 ref=0.00000)  mean|integ|=0.0591 mean|ref|=0.0591
[lx-debug-moe-down-diff] n_tokens=1 k=8 embd=2048  max_diff=0.000000 @ tok=0 row=0  (integ=0.00000 ref=0.00000)  mean|integ|=0.0446 mean|ref|=0.0446
[lx-debug-moe-down-diff] n_tokens=1 k=8 embd=2048  max_diff=0.000000 @ tok=0 row=0  (integ=0.00000 ref=0.00000)  mean|integ|=0.0723 mean|ref|=0.0723
[lx-debug-moe-down-diff] n_tokens=1 k=8 embd=2048  max_diff=0.000000 @ tok=0 row=0  (integ=0.00000 ref=0.00000)  mean|integ|=0.0714 mean|ref|=0.0714
[lx-debug-moe-down-diff] n_tokens=1 k=8 embd=2048  max_diff=0.000000 @ tok=0 row=0  (integ=0.00000 ref=0.00000)  mean|integ|=0.0763 mean|ref|=0.0763
[lx-debug-moe-down-diff] n_tokens=1 k=8 embd=2048  max_diff=0.000000 @ tok=0 row=0  (integ=0.00000 ref=0.00000)  mean|integ|=0.1056 mean|ref|=0.1056
[lx-debug-moe-down-diff] n_tokens=1 k=8 embd=2048  max_diff=0.000000 @ tok=0 row=0  (integ=0.00000 ref=0.00000)  mean|integ|=0.1460 mean|ref|=0.1460
[lx-debug-moe-down-diff] n_tokens=1 k=8 embd=2048  max_diff=0.000000 @ tok=0 row=0  (integ=0.00000 ref=0.00000)  mean|integ|=0.1148 mean|ref|=0.1148
[lx-debug-moe-down-diff] n_tokens=1 k=8 embd=2048  max_diff=0.000000 @ tok=0 row=0  (integ=0.00000 ref=0.00000)  mean|integ|=0.1142 mean|ref|=0.1142
[lx-debug-moe-down-diff] n_tokens=1 k=8 embd=2048  max_diff=0.000000 @ tok=0 row=0  (integ=0.00000 ref=0.00000)  mean|integ|=0.1776 mean|ref|=0.1776
[lx-debug-moe-down-diff] n_tokens=1 k=8 embd=2048  max_diff=0.000000 @ tok=0 row=0  (integ=0.00000 ref=0.00000)  mean|integ|=0.1455 mean|ref|=0.1455
[lx-debug-moe-down-diff] n_tokens=1 k=8 embd=2048  max_diff=0.000000 @ tok=0 row=0  (integ=0.00000 ref=0.00000)  mean|integ|=0.1634 mean|ref|=0.1634
[lx-debug-moe-down-diff] n_tokens=1 k=8 embd=2048  max_diff=0.000000 @ tok=0 row=0  (integ=0.00000 ref=0.00000)  mean|integ|=0.1162 mean|ref|=0.1162
[lx-debug-moe-down-diff] n_tokens=1 k=8 embd=2048  max_diff=0.000000 @ tok=0 row=0  (integ=0.00000 ref=0.00000)  mean|integ|=0.1008 mean|ref|=0.1008
[lx-debug-moe-down-diff] n_tokens=1 k=8 embd=2048  max_diff=0.000000 @ tok=0 row=0  (integ=0.00000 ref=0.00000)  mean|integ|=0.1033 mean|ref|=0.1033
[lx-debug-moe-down-diff] n_tokens=1 k=8 embd=2048  max_diff=0.000000 @ tok=0 row=0  (integ=0.00000 ref=0.00000)  mean|integ|=0.0890 mean|ref|=0.0890
[lx-debug-moe-down-diff] n_tokens=1 k=8 embd=2048  max_diff=0.000000 @ tok=0 row=0  (integ=0.00000 ref=0.00000)  mean|integ|=0.1059 mean|ref|=0.1059
[lx-debug-moe-down-diff] n_tokens=1 k=8 embd=2048  max_diff=0.000000 @ tok=0 row=0  (integ=0.00000 ref=0.00000)  mean|integ|=0.0181 mean|ref|=0.0181
[lx-debug-moe-down-diff] n_tokens=1 k=8 embd=2048  max_diff=0.000000 @ tok=0 row=0  (integ=0.00000 ref=0.00000)  mean|integ|=0.0153 mean|ref|=0.0153
[lx-debug-moe-down-diff] n_tokens=1 k=8 embd=2048  max_diff=0.000000 @ tok=0 row=0  (integ=0.00000 ref=0.00000)  mean|integ|=0.0149 mean|ref|=0.0149
[lx-debug-moe-down-diff] n_tokens=1 k=8 embd=2048  max_diff=0.000000 @ tok=0 row=0  (integ=0.00000 ref=0.00000)  mean|integ|=0.0197 mean|ref|=0.0197
[lx-debug-moe-down-diff] n_tokens=1 k=8 embd=2048  max_diff=0.000000 @ tok=0 row=0  (integ=0.00000 ref=0.00000)  mean|integ|=0.0161 mean|ref|=0.0161
[lx-debug-moe-down-diff] n_tokens=1 k=8 embd=2048  max_diff=0.000000 @ tok=0 row=0  (integ=0.00000 ref=0.00000)  mean|integ|=0.0225 mean|ref|=0.0225
[lx-debug-moe-down-diff] n_tokens=1 k=8 embd=2048  max_diff=0.000000 @ tok=0 row=0  (integ=0.00000 ref=0.00000)  mean|integ|=0.0247 mean|ref|=0.0247
[lx-debug-moe-down-diff] n_tokens=1 k=8 embd=2048  max_diff=0.000000 @ tok=0 row=0  (integ=0.00000 ref=0.00000)  mean|integ|=0.0332 mean|ref|=0.0332
[lx-debug-moe-down-diff] n_tokens=1 k=8 embd=2048  max_diff=0.000000 @ tok=0 row=0  (integ=0.00000 ref=0.00000)  mean|integ|=0.0411 mean|ref|=0.0411
[lx-debug-moe-down-diff] n_tokens=1 k=8 embd=2048  max_diff=0.000000 @ tok=0 row=0  (integ=0.00000 ref=0.00000)  mean|integ|=0.0417 mean|ref|=0.0417
[lx-debug-moe-down-diff] n_tokens=1 k=8 embd=2048  max_diff=0.000000 @ tok=0 row=0  (integ=0.00000 ref=0.00000)  mean|integ|=0.0297 mean|ref|=0.0297
[lx-debug-moe-down-diff] n_tokens=1 k=8 embd=2048  max_diff=0.000000 @ tok=0 row=0  (integ=0.00000 ref=0.00000)  mean|integ|=0.0443 mean|ref|=0.0443
[lx-debug-moe-down-diff] n_tokens=1 k=8 embd=2048  max_diff=0.000000 @ tok=0 row=0  (integ=0.00000 ref=0.00000)  mean|integ|=0.0329 mean|ref|=0.0329
[lx-debug-moe-down-diff] n_tokens=1 k=8 embd=2048  max_diff=0.000000 @ tok=0 row=0  (integ=0.00000 ref=0.00000)  mean|integ|=0.0397 mean|ref|=0.0397
[lx-debug-moe-down-diff] n_tokens=1 k=8 embd=2048  max_diff=0.000000 @ tok=0 row=0  (integ=0.00000 ref=0.00000)  mean|integ|=0.0429 mean|ref|=0.0429
[lx-debug-moe-down-diff] n_tokens=1 k=8 embd=2048  max_diff=0.000000 @ tok=0 row=0  (integ=0.00000 ref=0.00000)  mean|integ|=0.0407 mean|ref|=0.0407
[lx-debug-moe-down-diff] n_tokens=1 k=8 embd=2048  max_diff=0.000000 @ tok=0 row=0  (integ=0.00000 ref=0.00000)  mean|integ|=0.0392 mean|ref|=0.0392
[lx-debug-moe-down-diff] n_tokens=1 k=8 embd=2048  max_diff=0.000000 @ tok=0 row=0  (integ=0.00000 ref=0.00000)  mean|integ|=0.0485 mean|ref|=0.0485
[lx-debug-moe-down-diff] n_tokens=1 k=8 embd=2048  max_diff=0.000000 @ tok=0 row=0  (integ=0.00000 ref=0.00000)  mean|integ|=0.0407 mean|ref|=0.0407
[lx-debug-moe-down-diff] n_tokens=1 k=8 embd=2048  max_diff=0.000000 @ tok=0 row=0  (integ=0.00000 ref=0.00000)  mean|integ|=0.0444 mean|ref|=0.0444
[lx-debug-moe-down-diff] n_tokens=1 k=8 embd=2048  max_diff=0.000000 @ tok=0 row=0  (integ=0.00000 ref=0.00000)  mean|integ|=0.0701 mean|ref|=0.0701
[lx-debug-moe-down-diff] n_tokens=1 k=8 embd=2048  max_diff=0.000000 @ tok=0 row=0  (integ=0.00000 ref=0.00000)  mean|integ|=0.0493 mean|ref|=0.0493
[lx-debug-moe-down-diff] n_tokens=1 k=8 embd=2048  max_diff=0.000000 @ tok=0 row=0  (integ=0.00000 ref=0.00000)  mean|integ|=0.0841 mean|ref|=0.0841
[lx-debug-moe-down-diff] n_tokens=1 k=8 embd=2048  max_diff=0.000000 @ tok=0 row=0  (integ=0.00000 ref=0.00000)  mean|integ|=0.0753 mean|ref|=0.0753
[lx-debug-moe-down-diff] n_tokens=1 k=8 embd=2048  max_diff=0.000000 @ tok=0 row=0  (integ=0.00000 ref=0.00000)  mean|integ|=0.0925 mean|ref|=0.0925
[lx-debug-moe-down-diff] n_tokens=1 k=8 embd=2048  max_diff=0.000000 @ tok=0 row=0  (integ=0.00000 ref=0.00000)  mean|integ|=0.0906 mean|ref|=0.0906
[lx-debug-moe-down-diff] n_tokens=1 k=8 embd=2048  max_diff=0.000000 @ tok=0 row=0  (integ=0.00000 ref=0.00000)  mean|integ|=0.0737 mean|ref|=0.0737
[lx-debug-moe-down-diff] n_tokens=1 k=8 embd=2048  max_diff=0.000000 @ tok=0 row=0  (integ=0.00000 ref=0.00000)  mean|integ|=0.1086 mean|ref|=0.1086
[lx-debug-moe-down-diff] n_tokens=1 k=8 embd=2048  max_diff=0.000000 @ tok=0 row=0  (integ=0.00000 ref=0.00000)  mean|integ|=0.1741 mean|ref|=0.1741
[lx-debug-moe-down-diff] n_tokens=1 k=8 embd=2048  max_diff=0.000000 @ tok=0 row=0  (integ=0.00000 ref=0.00000)  mean|integ|=0.1132 mean|ref|=0.1132
[lx-debug-moe-down-diff] n_tokens=1 k=8 embd=2048  max_diff=0.000000 @ tok=0 row=0  (integ=0.00000 ref=0.00000)  mean|integ|=0.1188 mean|ref|=0.1188
[lx-debug-moe-down-diff] n_tokens=1 k=8 embd=2048  max_diff=0.000000 @ tok=0 row=0  (integ=0.00000 ref=0.00000)  mean|integ|=0.1162 mean|ref|=0.1162
[lx-debug-moe-down-diff] n_tokens=1 k=8 embd=2048  max_diff=0.000000 @ tok=0 row=0  (integ=0.00000 ref=0.00000)  mean|integ|=0.1678 mean|ref|=0.1678
[lx-debug-moe-down-diff] n_tokens=1 k=8 embd=2048  max_diff=0.000000 @ tok=0 row=0  (integ=0.00000 ref=0.00000)  mean|integ|=0.1114 mean|ref|=0.1114
[lx-debug-moe-down-diff] n_tokens=1 k=8 embd=2048  max_diff=0.000000 @ tok=0 row=0  (integ=0.00000 ref=0.00000)  mean|integ|=0.1850 mean|ref|=0.1850
[lx-debug-moe-down-diff] n_tokens=1 k=8 embd=2048  max_diff=0.000000 @ tok=0 row=0  (integ=0.00000 ref=0.00000)  mean|integ|=0.0855 mean|ref|=0.0855
[lx-debug-moe-down-diff] n_tokens=1 k=8 embd=2048  max_diff=0.000000 @ tok=0 row=0  (integ=0.00000 ref=0.00000)  mean|integ|=0.0944 mean|ref|=0.0944
[lx-debug-moe-down-diff] n_tokens=1 k=8 embd=2048  max_diff=0.000000 @ tok=0 row=0  (integ=0.00000 ref=0.00000)  mean|integ|=0.1372 mean|ref|=0.1372
[lx-debug-moe-down-diff] n_tokens=1 k=8 embd=2048  max_diff=0.000000 @ tok=0 row=0  (integ=0.00000 ref=0.00000)  mean|integ|=0.0123 mean|ref|=0.0123
[lx-debug-moe-down-diff] n_tokens=1 k=8 embd=2048  max_diff=0.000000 @ tok=0 row=0  (integ=0.00000 ref=0.00000)  mean|integ|=0.0144 mean|ref|=0.0144
[lx-debug-moe-down-diff] n_tokens=1 k=8 embd=2048  max_diff=0.000000 @ tok=0 row=0  (integ=0.00000 ref=0.00000)  mean|integ|=0.0177 mean|ref|=0.0177
[lx-debug-moe-down-diff] n_tokens=1 k=8 embd=2048  max_diff=0.000000 @ tok=0 row=0  (integ=0.00000 ref=0.00000)  mean|integ|=0.0203 mean|ref|=0.0203
[lx-debug-moe-down-diff] n_tokens=1 k=8 embd=2048  max_diff=0.000000 @ tok=0 row=0  (integ=0.00000 ref=0.00000)  mean|integ|=0.0154 mean|ref|=0.0154
[lx-debug-moe-down-diff] n_tokens=1 k=8 embd=2048  max_diff=0.000000 @ tok=0 row=0  (integ=0.00000 ref=0.00000)  mean|integ|=0.0140 mean|ref|=0.0140
[lx-debug-moe-down-diff] n_tokens=1 k=8 embd=2048  max_diff=0.000000 @ tok=0 row=0  (integ=0.00000 ref=0.00000)  mean|integ|=0.0163 mean|ref|=0.0163
[lx-debug-moe-down-diff] n_tokens=1 k=8 embd=2048  max_diff=0.000000 @ tok=0 row=0  (integ=0.00000 ref=0.00000)  mean|integ|=0.0294 mean|ref|=0.0294
[lx-debug-moe-down-diff] n_tokens=1 k=8 embd=2048  max_diff=0.000000 @ tok=0 row=0  (integ=0.00000 ref=0.00000)  mean|integ|=0.0320 mean|ref|=0.0320
[lx-debug-moe-down-diff] n_tokens=1 k=8 embd=2048  max_diff=0.000000 @ tok=0 row=0  (integ=0.00000 ref=0.00000)  mean|integ|=0.0445 mean|ref|=0.0445
[lx-debug-moe-down-diff] n_tokens=1 k=8 embd=2048  max_diff=0.000000 @ tok=0 row=0  (integ=0.00000 ref=0.00000)  mean|integ|=0.0258 mean|ref|=0.0258
[lx-debug-moe-down-diff] n_tokens=1 k=8 embd=2048  max_diff=0.000000 @ tok=0 row=0  (integ=0.00000 ref=0.00000)  mean|integ|=0.0392 mean|ref|=0.0392
[lx-debug-moe-down-diff] n_tokens=1 k=8 embd=2048  max_diff=0.000000 @ tok=0 row=0  (integ=0.00000 ref=0.00000)  mean|integ|=0.0270 mean|ref|=0.0270
[lx-debug-moe-down-diff] n_tokens=1 k=8 embd=2048  max_diff=0.000000 @ tok=0 row=0  (integ=0.00000 ref=0.00000)  mean|integ|=0.0289 mean|ref|=0.0289
[lx-debug-moe-down-diff] n_tokens=1 k=8 embd=2048  max_diff=0.000000 @ tok=0 row=0  (integ=0.00000 ref=0.00000)  mean|integ|=0.0322 mean|ref|=0.0322
[lx-debug-moe-down-diff] n_tokens=1 k=8 embd=2048  max_diff=0.000000 @ tok=0 row=0  (integ=0.00000 ref=0.00000)  mean|integ|=0.0427 mean|ref|=0.0427
[lx-debug-moe-down-diff] n_tokens=1 k=8 embd=2048  max_diff=0.000000 @ tok=0 row=0  (integ=0.00000 ref=0.00000)  mean|integ|=0.0372 mean|ref|=0.0372
[lx-debug-moe-down-diff] n_tokens=1 k=8 embd=2048  max_diff=0.000000 @ tok=0 row=0  (integ=0.00000 ref=0.00000)  mean|integ|=0.0385 mean|ref|=0.0385
[lx-debug-moe-down-diff] n_tokens=1 k=8 embd=2048  max_diff=0.000000 @ tok=0 row=0  (integ=0.00000 ref=0.00000)  mean|integ|=0.0404 mean|ref|=0.0404
[lx-debug-moe-down-diff] n_tokens=1 k=8 embd=2048  max_diff=0.000000 @ tok=0 row=0  (integ=0.00000 ref=0.00000)  mean|integ|=0.0472 mean|ref|=0.0472
[lx-debug-moe-down-diff] n_tokens=1 k=8 embd=2048  max_diff=0.000000 @ tok=0 row=0  (integ=0.00000 ref=0.00000)  mean|integ|=0.0411 mean|ref|=0.0411
[lx-debug-moe-down-diff] n_tokens=1 k=8 embd=2048  max_diff=0.000000 @ tok=0 row=0  (integ=0.00000 ref=0.00000)  mean|integ|=0.0422 mean|ref|=0.0422
[lx-debug-moe-down-diff] n_tokens=1 k=8 embd=2048  max_diff=0.000000 @ tok=0 row=0  (integ=0.00000 ref=0.00000)  mean|integ|=0.0698 mean|ref|=0.0698
[lx-debug-moe-down-diff] n_tokens=1 k=8 embd=2048  max_diff=0.000000 @ tok=0 row=0  (integ=0.00000 ref=0.00000)  mean|integ|=0.0713 mean|ref|=0.0713
[lx-debug-moe-down-diff] n_tokens=1 k=8 embd=2048  max_diff=0.000000 @ tok=0 row=0  (integ=0.00000 ref=0.00000)  mean|integ|=0.0761 mean|ref|=0.0761
[lx-debug-moe-down-diff] n_tokens=1 k=8 embd=2048  max_diff=0.000000 @ tok=0 row=0  (integ=0.00000 ref=0.00000)  mean|integ|=0.0947 mean|ref|=0.0947
[lx-debug-moe-down-diff] n_tokens=1 k=8 embd=2048  max_diff=0.000000 @ tok=0 row=0  (integ=0.00000 ref=0.00000)  mean|integ|=0.0632 mean|ref|=0.0632
[lx-debug-moe-down-diff] n_tokens=1 k=8 embd=2048  max_diff=0.000000 @ tok=0 row=0  (integ=0.00000 ref=0.00000)  mean|integ|=0.1094 mean|ref|=0.1094
[lx-debug-moe-down-diff] n_tokens=1 k=8 embd=2048  max_diff=0.000000 @ tok=0 row=0  (integ=0.00000 ref=0.00000)  mean|integ|=0.1568 mean|ref|=0.1568
[lx-debug-moe-down-diff] n_tokens=1 k=8 embd=2048  max_diff=0.000000 @ tok=0 row=0  (integ=0.00000 ref=0.00000)  mean|integ|=0.1106 mean|ref|=0.1106
[lx-debug-moe-down-diff] n_tokens=1 k=8 embd=2048  max_diff=0.000000 @ tok=0 row=0  (integ=0.00000 ref=0.00000)  mean|integ|=0.1422 mean|ref|=0.1422
[lx-debug-moe-down-diff] n_tokens=1 k=8 embd=2048  max_diff=0.000000 @ tok=0 row=0  (integ=0.00000 ref=0.00000)  mean|integ|=0.0947 mean|ref|=0.0947
[lx-debug-moe-down-diff] n_tokens=1 k=8 embd=2048  max_diff=0.000000 @ tok=0 row=0  (integ=0.00000 ref=0.00000)  mean|integ|=0.1123 mean|ref|=0.1123
[lx-debug-moe-down-diff] n_tokens=1 k=8 embd=2048  max_diff=0.000000 @ tok=0 row=0  (integ=0.00000 ref=0.00000)  mean|integ|=0.1377 mean|ref|=0.1377
[lx-debug-moe-down-diff] n_tokens=1 k=8 embd=2048  max_diff=0.000000 @ tok=0 row=0  (integ=0.00000 ref=0.00000)  mean|integ|=0.1301 mean|ref|=0.1301
[lx-debug-moe-down-diff] n_tokens=1 k=8 embd=2048  max_diff=0.000000 @ tok=0 row=0  (integ=0.00000 ref=0.00000)  mean|integ|=0.1206 mean|ref|=0.1206
[lx-debug-moe-down-diff] n_tokens=1 k=8 embd=2048  max_diff=0.000000 @ tok=0 row=0  (integ=0.00000 ref=0.00000)  mean|integ|=0.1144 mean|ref|=0.1144
[lx-debug-moe-down-diff] n_tokens=1 k=8 embd=2048  max_diff=0.000000 @ tok=0 row=0  (integ=0.00000 ref=0.00000)  mean|integ|=0.1100 mean|ref|=0.1100
[lx-debug-moe-down-diff] n_tokens=1 k=8 embd=2048  max_diff=0.000000 @ tok=0 row=0  (integ=0.00000 ref=0.00000)  mean|integ|=0.0043 mean|ref|=0.0043
[lx-debug-moe-down-diff] n_tokens=1 k=8 embd=2048  max_diff=0.000000 @ tok=0 row=0  (integ=0.00000 ref=0.00000)  mean|integ|=0.0097 mean|ref|=0.0097
[lx-debug-moe-down-diff] n_tokens=1 k=8 embd=2048  max_diff=0.000000 @ tok=0 row=0  (integ=0.00000 ref=0.00000)  mean|integ|=0.0129 mean|ref|=0.0129
[lx-debug-moe-down-diff] n_tokens=1 k=8 embd=2048  max_diff=0.000000 @ tok=0 row=0  (integ=0.00000 ref=0.00000)  mean|integ|=0.0086 mean|ref|=0.0086
[lx-debug-moe-down-diff] n_tokens=1 k=8 embd=2048  max_diff=0.000000 @ tok=0 row=0  (integ=0.00000 ref=0.00000)  mean|integ|=0.0076 mean|ref|=0.0076
[lx-debug-moe-down-diff] n_tokens=1 k=8 embd=2048  max_diff=0.000000 @ tok=0 row=0  (integ=0.00000 ref=0.00000)  mean|integ|=0.0160 mean|ref|=0.0160
[lx-debug-moe-down-diff] n_tokens=1 k=8 embd=2048  max_diff=0.000000 @ tok=0 row=0  (integ=0.00000 ref=0.00000)  mean|integ|=0.0198 mean|ref|=0.0198
[lx-debug-moe-down-diff] n_tokens=1 k=8 embd=2048  max_diff=0.000000 @ tok=0 row=0  (integ=0.00000 ref=0.00000)  mean|integ|=0.0291 mean|ref|=0.0291
[lx-debug-moe-down-diff] n_tokens=1 k=8 embd=2048  max_diff=0.000000 @ tok=0 row=0  (integ=0.00000 ref=0.00000)  mean|integ|=0.0290 mean|ref|=0.0290
[lx-debug-moe-down-diff] n_tokens=1 k=8 embd=2048  max_diff=0.000000 @ tok=0 row=0  (integ=0.00000 ref=0.00000)  mean|integ|=0.0216 mean|ref|=0.0216
[lx-debug-moe-down-diff] n_tokens=1 k=8 embd=2048  max_diff=0.000000 @ tok=0 row=0  (integ=0.00000 ref=0.00000)  mean|integ|=0.0350 mean|ref|=0.0350
[lx-debug-moe-down-diff] n_tokens=1 k=8 embd=2048  max_diff=0.000000 @ tok=0 row=0  (integ=0.00000 ref=0.00000)  mean|integ|=0.0357 mean|ref|=0.0357
[lx-debug-moe-down-diff] n_tokens=1 k=8 embd=2048  max_diff=0.000000 @ tok=0 row=0  (integ=0.00000 ref=0.00000)  mean|integ|=0.0320 mean|ref|=0.0320
[lx-debug-moe-down-diff] n_tokens=1 k=8 embd=2048  max_diff=0.000000 @ tok=0 row=0  (integ=0.00000 ref=0.00000)  mean|integ|=0.0253 mean|ref|=0.0253
[lx-debug-moe-down-diff] n_tokens=1 k=8 embd=2048  max_diff=0.000000 @ tok=0 row=0  (integ=0.00000 ref=0.00000)  mean|integ|=0.0328 mean|ref|=0.0328
[lx-debug-moe-down-diff] n_tokens=1 k=8 embd=2048  max_diff=0.000000 @ tok=0 row=0  (integ=0.00000 ref=0.00000)  mean|integ|=0.0478 mean|ref|=0.0478
[lx-debug-moe-down-diff] n_tokens=1 k=8 embd=2048  max_diff=0.000000 @ tok=0 row=0  (integ=0.00000 ref=0.00000)  mean|integ|=0.0407 mean|ref|=0.0407
[lx-debug-moe-down-diff] n_tokens=1 k=8 embd=2048  max_diff=0.000000 @ tok=0 row=0  (integ=0.00000 ref=0.00000)  mean|integ|=0.0534 mean|ref|=0.0534
[lx-debug-moe-down-diff] n_tokens=1 k=8 embd=2048  max_diff=0.000000 @ tok=0 row=0  (integ=0.00000 ref=0.00000)  mean|integ|=0.0408 mean|ref|=0.0408
[lx-debug-moe-down-diff] n_tokens=1 k=8 embd=2048  max_diff=0.000000 @ tok=0 row=0  (integ=0.00000 ref=0.00000)  mean|integ|=0.0387 mean|ref|=0.0387
[lx-debug-moe-down-diff] n_tokens=1 k=8 embd=2048  max_diff=0.000000 @ tok=0 row=0  (integ=0.00000 ref=0.00000)  mean|integ|=0.0473 mean|ref|=0.0473
[lx-debug-moe-down-diff] n_tokens=1 k=8 embd=2048  max_diff=0.000000 @ tok=0 row=0  (integ=0.00000 ref=0.00000)  mean|integ|=0.0503 mean|ref|=0.0503
[lx-debug-moe-down-diff] n_tokens=1 k=8 embd=2048  max_diff=0.000000 @ tok=0 row=0  (integ=0.00000 ref=0.00000)  mean|integ|=0.0603 mean|ref|=0.0603
[lx-debug-moe-down-diff] n_tokens=1 k=8 embd=2048  max_diff=0.000000 @ tok=0 row=0  (integ=0.00000 ref=0.00000)  mean|integ|=0.0991 mean|ref|=0.0991
[lx-debug-moe-down-diff] n_tokens=1 k=8 embd=2048  max_diff=0.000000 @ tok=0 row=0  (integ=0.00000 ref=0.00000)  mean|integ|=0.0690 mean|ref|=0.0690
[lx-debug-moe-down-diff] n_tokens=1 k=8 embd=2048  max_diff=0.000000 @ tok=0 row=0  (integ=0.00000 ref=0.00000)  mean|integ|=0.1150 mean|ref|=0.1150
[lx-debug-moe-down-diff] n_tokens=1 k=8 embd=2048  max_diff=0.000000 @ tok=0 row=0  (integ=0.00000 ref=0.00000)  mean|integ|=0.0849 mean|ref|=0.0849
[lx-debug-moe-down-diff] n_tokens=1 k=8 embd=2048  max_diff=0.000000 @ tok=0 row=0  (integ=0.00000 ref=0.00000)  mean|integ|=0.1089 mean|ref|=0.1089
[lx-debug-moe-down-diff] n_tokens=1 k=8 embd=2048  max_diff=0.000000 @ tok=0 row=0  (integ=0.00000 ref=0.00000)  mean|integ|=0.1342 mean|ref|=0.1342
[lx-debug-moe-down-diff] n_tokens=1 k=8 embd=2048  max_diff=0.000000 @ tok=0 row=0  (integ=0.00000 ref=0.00000)  mean|integ|=0.1092 mean|ref|=0.1092
[lx-debug-moe-down-diff] n_tokens=1 k=8 embd=2048  max_diff=0.000000 @ tok=0 row=0  (integ=0.00000 ref=0.00000)  mean|integ|=0.1055 mean|ref|=0.1055
[lx-debug-moe-down-diff] n_tokens=1 k=8 embd=2048  max_diff=0.000000 @ tok=0 row=0  (integ=0.00000 ref=0.00000)  mean|integ|=0.1024 mean|ref|=0.1024
[lx-debug-moe-down-diff] n_tokens=1 k=8 embd=2048  max_diff=0.000000 @ tok=0 row=0  (integ=0.00000 ref=0.00000)  mean|integ|=0.1545 mean|ref|=0.1545
[lx-debug-moe-down-diff] n_tokens=1 k=8 embd=2048  max_diff=0.000000 @ tok=0 row=0  (integ=0.00000 ref=0.00000)  mean|integ|=0.1507 mean|ref|=0.1507
[lx-debug-moe-down-diff] n_tokens=1 k=8 embd=2048  max_diff=0.000000 @ tok=0 row=0  (integ=0.00000 ref=0.00000)  mean|integ|=0.1365 mean|ref|=0.1365
[lx-debug-moe-down-diff] n_tokens=1 k=8 embd=2048  max_diff=0.000000 @ tok=0 row=0  (integ=0.00000 ref=0.00000)  mean|integ|=0.1256 mean|ref|=0.1256
[lx-debug-moe-down-diff] n_tokens=1 k=8 embd=2048  max_diff=0.000000 @ tok=0 row=0  (integ=0.00000 ref=0.00000)  mean|integ|=0.2032 mean|ref|=0.2032
[lx-debug-moe-down-diff] n_tokens=1 k=8 embd=2048  max_diff=0.000000 @ tok=0 row=0  (integ=0.00000 ref=0.00000)  mean|integ|=0.1643 mean|ref|=0.1643
{"index":0,"content":" The function should take an integer n as input and return the nth number in the","tokens":[],"id_slot":3,"stop":true,"model":"/mnt/data2tb/laguna/archived/Laguna-XS-2.1-GGUF-q4-20260705/Laguna-XS-2.1-Q4_K_M.gguf","tokens_predicted":16,"tokens_evaluated":12,"generation_settings
